,-0.05,-0.633905029797461,-0.040169610758312,
,-0.049895833335,-0.637111059913877,-0.106752524618059,
,-0.04979166667,-0.639879904105328,-0.0715766455978155,
,-0.049687500005,-0.642357291013468,-0.0263505154289305,
,-0.04958333334,-0.644397491996642,-0.012531420099549,
,-0.049479166675,-0.646146235696506,-0.0338882037904114,
,-0.04937500001,-0.647457793471403,-0.02132538985461,
,-0.049270833345,-0.648623622604646,-0.0326319223968312,
,-0.04916666668,-0.649352265812922,-0.0426821735454723,
,-0.049062500015,-0.649643723096233,-0.0238379526417702,
,-0.04895833335,-0.649935180379543,-0.040169610758312,
,-0.048854166685,-0.649789451737888,-0.0376570479711518,
,-0.04875000002,-0.649497994454578,-0.0163002642802894,
,-0.048645833355,-0.649352265812922,-0.0263505154289305,
,-0.04854166669,-0.648915079887956,-0.0112751387059689,
,-0.048437500025,-0.648769351246301,-0.0263505154289305,
,-0.04833333336,-0.648332165321335,-0.0276067968225107,
,-0.048229166695,-0.647894979396369,-0.0225816712481901,
,-0.04812500003,-0.647457793471403,-0.0150439828867093,
,-0.048020833365,-0.647020607546438,-0.0565012688748538,
,-0.0479166667,-0.646729150263127,-0.0238379526417702,
,-0.047812500035,-0.646146235696506,-0.0477072991197929,
,-0.04770833337,-0.64570904977154,-0.02132538985461,
,-0.047604166705,-0.645126135204919,-0.0137877014931291,
,-0.04750000004,-0.644543220638298,-0.0276067968225107,
,-0.047395833375,-0.643960306071676,0.0113379263784736,
,-0.04729166671,-0.6432316628634,0.00505651941057295,
,-0.047187500045,-0.642357291013468,-0.0364007665775716,
,-0.04708333338,-0.641191461880226,-0.0703203642042354,
,-0.046979166715,-0.639588446822017,0.032694710069336,
,-0.04687500005,-0.637548245838843,-0.0163002642802894,
,-0.046770833385,-0.635216587572359,-0.00373745034448802,
,-0.04666666672,-0.632156286097597,-0.0326319223968312,
,-0.046562500055,-0.628221612772904,-0.00876257591880858,
,-0.04645833339,-0.623995482164901,-0.0188128270674497,
,-0.046354166725,-0.619623622915242,0.0465138053987175,
,-0.04625000006,-0.614960306382272,-0.00373745034448802,
,-0.046145833395,-0.609859803924337,0.00505651941057295,
,-0.04604166673,-0.604613572824746,0.023900740314275,
,-0.045937500065,-0.599075884441845,0.0125942077720538,
,-0.0458333334,-0.593101010133978,-0.00122488755732775,
,-0.045729166735,-0.586980407184456,-0.0527324246941134,
,-0.04562500007,-0.580568346951623,-0.0163002642802894,
,-0.045520833405,-0.573864829435479,0.00505651941057295,
,-0.04541666674,-0.566869854636025,0.0301821472821757,
,-0.045312500075,-0.559729151194915,0.0201318961335346,
,-0.04520833341,-0.552734176395461,0.0113379263784736,
,-0.045104166745,-0.545739201596007,-0.0338882037904114,
,-0.04500000008,-0.538452769513242,0.0176193333463743,
,-0.044895833415,-0.531457794713788,0.0100816449848935,
,-0.04479166675,-0.524608548555989,-0.0175565456738696,
,-0.044687500085,-0.517467845114879,0.0678705890895799,
,-0.04458333342,-0.510764327598736,0.0553077751537785,
,-0.044479166755,-0.503915081440937,0.0289258658885956,
,-0.04437500009,-0.496920106641483,0.124403251800686,
,-0.044270833425,-0.490216589125339,0.135709784342907,
,-0.04416666676,-0.483513071609195,0.217368074925616,
,-0.044062500095,-0.476663825451396,0.260081642307341,
,-0.04395833343,-0.469814579293597,0.361840435187332,
,-0.043854166765,-0.462819604494143,0.60932786972262,
,-0.0437500001,-0.455970358336344,0.868121836800128,
,-0.043645833435,-0.449266840820201,1.42214193136897,
,-0.04354166677,-0.442563323304057,2.16460423497483,
,-0.043437500105,-0.435859805787914,2.58797106461134,
,-0.04333333344,-0.42915628827177,1.8945037353551,
,-0.043229166775,-0.422161313472316,0.799026360153221,
,-0.04312500011,-0.415457795956172,0.077920840238221,
,-0.043020833445,-0.408900007081684,-0.373084180057049,
,-0.04291666678,-0.402342218207195,-0.597958549507894,
,-0.042812500115,-0.395638700691052,-0.678360558697023,
,-0.04270833345,-0.389226640458219,-0.74243090976961,
,-0.042604166785,-0.38266885158373,-0.721074126078747,
,-0.04250000012,-0.376256791350897,-0.697204779600725,
,-0.042395833455,-0.369699002476409,-0.65197864943184,
,-0.04229166679,-0.363286942243576,-0.644440961070359,
,-0.042187500125,-0.357020610652398,-0.597958549507894,
,-0.04208333346,-0.350900007702876,-0.522581665893085,
,-0.041979166795,-0.344633676111698,-0.497456038021483,
,-0.04187500013,-0.33836734452052,-0.47358669154346,
,-0.041770833465,-0.331955284287687,-0.410772621864453,
,-0.0416666668,-0.32568895269651,-0.374340461450629,
,-0.041562500135,-0.319422621105332,-0.307757547590882,
,-0.04145833347,-0.312573374947533,-0.315295235952362,
,-0.041354166805,-0.3061613147147,-0.298963577835821,
,-0.04125000014,-0.299749254481867,-0.270069105783477,
,-0.041145833475,-0.293337194249034,-0.233636945369653,
,-0.04104166681,-0.287070862657856,-0.20725503610447,
,-0.040937500145,-0.281095988349989,-0.19846106634941,
,-0.04083333348,-0.275412571325433,-0.146953529212624,
,-0.040729166815,-0.269729154300876,-0.19971734774299,
,-0.04062500015,-0.264482923201285,-0.133134433883242,
,-0.040520833485,-0.259528149385005,-0.134390715276822,
,-0.04041666682,-0.254573375568725,-0.0803706153528765,
,-0.040312500155,-0.250055787677411,-0.0828831781400368,
,-0.04020833349,-0.245975385711063,-0.1105213687988,
,-0.040104166825,-0.24233216966968,-0.119315338553861,
,-0.04000000016,-0.238980410911608,-0.0803706153528765,
,-0.039895833495,-0.235774380795192,-0.0916771478950977,
,-0.03979166683,-0.232859807962086,-0.094189710682258,
,-0.039687500165,-0.230528149695601,-0.101727399043739,
,-0.0395833335,-0.228633677354082,-0.0766017711721361,
,-0.039479166835,-0.226884933654219,-0.0891645851079375,
,-0.03937500017,-0.225427647237666,-0.0364007665775716,
,-0.039270833505,-0.224407546746079,-0.0627826758427545,
,-0.03916666684,-0.223678903537802,-0.0301193596096709,
,-0.039062500175,-0.223241717612837,-0.0602701130555943,
,-0.03895833351,-0.223095988971181,-0.0163002642802894,
,-0.038854166845,-0.223241717612837,-0.040169610758312,
,-0.03875000018,-0.223387446254492,0.00254395662341267,
,-0.038645833515,-0.223678903537802,-0.0364007665775716,
,-0.03854166685,-0.223970360821113,-0.0477072991197929,
,-0.038437500185,-0.224261818104424,-0.00750629452522844,
,-0.03833333352,-0.224699004029389,-0.0514761433005333,
,-0.038229166855,-0.2249904613127,0.00128767522983253,
,-0.03812500019,-0.225427647237666,0.0100816449848935,
,-0.038020833525,-0.225864833162632,-0.0062500131316483,
,-0.03791666686,-0.226302019087598,-0.0137877014931291,
,-0.037812500195,-0.226739205012564,-0.0150439828867093,
,-0.03770833353,-0.227322119579185,-0.0301193596096709,
,-0.037604166865,-0.227759305504151,0.00254395662341267,
,-0.0375000002,-0.228487948712427,-0.00750629452522844,
,-0.037395833535,-0.229070863279048,0.041488679824397,
,-0.03729166687,-0.229799506487325,-0.0364007665775716,
,-0.037187500205,-0.230673878337257,-0.012531420099549,
,-0.03708333354,-0.231693978828844,0.0125942077720538,
,-0.036979166875,-0.233296993887052,-0.0200691084610298,
,-0.03687500021,-0.235482923511881,-0.0200691084610298,
,-0.036770833545,-0.237960310420021,0.0427449612179771,
,-0.03666666688,-0.241020611894783,0.0452575240051374,
,-0.036562500215,-0.24480955657782,-0.0112751387059689,
,-0.03645833355,-0.248889958544169,3.13938362523913E-05,
,-0.036354166885,-0.253261817793828,0.0389761170372367,
,-0.03625000022,-0.257779405685142,0.0364635542500764,
,-0.036145833555,-0.262734179501422,0.0389761170372367,
,-0.03604166689,-0.267834681959357,0.00631280080415308,
,-0.035937500225,-0.273226641700603,0.0339509914629161,
,-0.03583333356,-0.27920151600847,0.0226444589206949,
,-0.035729166895,-0.285613576241303,0.0151067705592141,
,-0.03562500023,-0.292171365115792,0.0151067705592141,
,-0.035520833565,-0.29902061127359,-0.00876257591880858,
,-0.0354166669,-0.3061613147147,0.0276695844950154,
,-0.035312500235,-0.313302018155809,0.0138504891656339,
,-0.03520833357,-0.320442721596919,3.13938362523913E-05,
,-0.035104166905,-0.327729153679684,0.0201318961335346,
,-0.03500000024,-0.334724128479138,0.0527952123666182,
,-0.034895833575,-0.341719103278592,0.0540514937601984,
,-0.03479166691,-0.348714078078046,0.0540514937601984,
,-0.034687500245,-0.35541759559419,0.0741519960574806,
,-0.03458333358,-0.362121113110334,0.119378126226366,
,-0.034479166915,-0.368824630626477,0.118121844832785,
,-0.03437500025,-0.375673876784276,0.15706656803377,
,-0.034270833585,-0.38237739430042,0.206061542383395,
,-0.03416666692,-0.389372369099874,0.232443451648578,
,-0.034062500255,-0.396221615257673,0.317870586412027,
,-0.03395833359,-0.403362318698782,0.444755007163621,
,-0.033854166925,-0.410357293498237,0.684704753337428,
,-0.03375000026,-0.417206539656036,1.05028263886925,
,-0.033645833595,-0.424055785813835,1.58043338696007,
,-0.03354166693,-0.430905031971633,2.31284543941729,
,-0.033437500265,-0.437754278129432,2.53269468329381,
,-0.0333333336,-0.444603524287231,1.66586052172352,
,-0.033229166935,-0.451307041803375,0.554051488405094,
,-0.03312500027,-0.458156287961174,-0.130621871096082,
,-0.033020833605,-0.464568348194007,-0.463536440394819,
,-0.03291666694,-0.47098040842684,-0.648209805251099,
,-0.032812500275,-0.477538197301328,-0.690923372632824,
,-0.03270833361,-0.483950257534161,-0.74745603534393,
,-0.032604166945,-0.490362317766994,-0.716049000504427,
,-0.03250000028,-0.496774377999827,-0.65574749361258,
,-0.032395833615,-0.503477895515971,-0.649466086644679,
,-0.03229166695,-0.510035684390459,-0.581626891391352,
,-0.032187500285,-0.516302015981637,-0.553988700732589,
,-0.03208333362,-0.522422618931159,-0.483636942692101,
,-0.031979166955,-0.528543221880682,-0.47358669154346,
,-0.03187500029,-0.534663824830204,-0.410772621864453,
,-0.031770833625,-0.540930156421382,-0.38564699399285,
,-0.03166666696,-0.547050759370904,-0.335395738249645,
,-0.031562500295,-0.553462819603737,-0.281375638325699,
,-0.03145833363,-0.560166337119881,-0.29268217086792,
,-0.031354166965,-0.566578397352714,-0.267556542996317,
,-0.0312500003,-0.572990457585547,-0.221074131433852,
,-0.031145833635,-0.579256789176725,-0.212280161678791,
,-0.03104166697,-0.585523120767903,-0.208511317498051,
,-0.030937500305,-0.591352266434114,-0.177104282658547,
,-0.03083333364,-0.597035683458671,-0.100471117650159,
,-0.030729166975,-0.602573371841572,-0.131878152489662,
,-0.03062500031,-0.607965331582818,-0.0866520223207772,
,-0.030520833645,-0.613211562682409,-0.121827901341021,
,-0.03041666698,-0.618020607857034,-0.0866520223207772,
,-0.030312500315,-0.622538195748348,-0.0565012688748538,
,-0.03020833365,-0.626472869073041,-0.0703203642042354,
,-0.030104166985,-0.630116085114423,-0.0929334292886779,
,-0.03000000032,-0.633467843872495,-0.0791143339592963,
,-0.029895833655,-0.636673873988912,-0.0803706153528765,
,-0.02979166699,-0.639734175463673,-0.0502198619069532,
,-0.029687500325,-0.642211562371813,-0.0364007665775716,
,-0.02958333366,-0.644251763354987,-0.0678078014170751,
,-0.029479166995,-0.646146235696506,-0.0477072991197929,
,-0.02937500033,-0.647457793471403,-0.0175565456738696,
,-0.029270833665,-0.64847789396299,-0.02132538985461,
,-0.029166667,-0.649206537171267,-0.0288630782160908,
,-0.029062500335,-0.649643723096233,-0.0137877014931291,
,-0.02895833367,-0.649789451737888,0.00882536359131336,
,-0.028854167005,-0.649643723096233,-0.0163002642802894,
,-0.02875000034,-0.649643723096233,3.13938362523913E-05,
,-0.028645833675,-0.649352265812922,-0.0163002642802894,
,-0.02854166701,-0.649060808529612,-0.012531420099549,
,-0.028437500345,-0.648769351246301,0.0100816449848935,
,-0.02833333368,-0.64847789396299,-0.0250942340353504,
,-0.028229167015,-0.648040708038025,-0.0112751387059689,
,-0.02812500035,-0.647603522113059,-0.0137877014931291,
,-0.028020833685,-0.647166336188093,-0.0150439828867093,
,-0.02791666702,-0.646729150263127,0.00380023801699281,
,-0.027812500355,-0.646291964338161,-0.0477072991197929,
,-0.02770833369,-0.64570904977154,-0.040169610758312,
,-0.027604167025,-0.645271863846574,-0.0188128270674497,
,-0.02750000036,-0.644688949279953,-0.0276067968225107,
,-0.027395833695,-0.644106034713332,0.00380023801699281,
,-0.02729166703,-0.643377391505055,-0.0364007665775716,
,-0.027187500365,-0.642503019655123,-0.0414258921518922,
,-0.0270833337,-0.641337190521881,0.00756908219773322,
,-0.026979167035,-0.639879904105328,-0.0326319223968312,
,-0.02687500037,-0.637985431763809,-0.0426821735454723,
,-0.026770833705,-0.635508044855669,-0.02132538985461,
,-0.02666666704,-0.632593472022563,-0.00373745034448802,
,-0.026562500375,-0.628804527339526,0.0163630519527942,
,-0.02645833371,-0.624578396731522,-0.0238379526417702,
,-0.026354167045,-0.620206537481863,-0.00373745034448802,
,-0.02625000038,-0.615688949590549,-0.02132538985461,
,-0.026145833715,-0.610734175774269,-0.0313756410032511,
,-0.02604166705,-0.605487944674678,3.13938362523913E-05,
,-0.025937500385,-0.599950256291777,-0.040169610758312,
,-0.02583333372,-0.59397538198391,0.0100816449848935,
,-0.025729167055,-0.587854779034387,0.00505651941057295,
,-0.02562500039,-0.581296990159899,0.00631280080415308,
,-0.025520833725,-0.574593472643755,-0.02132538985461,
,-0.02541666706,-0.567598497844301,-0.00876257591880858,
,-0.025312500395,-0.560312065761536,-0.00876257591880858,
,-0.02520833373,-0.553317090962082,0.0201318961335346,
,-0.025104167065,-0.546030658879317,0.0339509914629161,
,-0.0250000004,-0.538889955438208,0.0389761170372367,
,-0.024895833735,-0.531894980638754,0.023900740314275,
,-0.02479166707,-0.525045734480955,0.0452575240051374,
,-0.024687500405,-0.518196488323156,0.0477700867922977,
,-0.02458333374,-0.511347242165357,0.060332900728099,
,-0.024479167075,-0.504497996007558,0.0854585285997018,
,-0.02437500041,-0.497503021208104,0.110584156471305,
,-0.024270833745,-0.490653775050305,0.167116819182411,
,-0.02416666708,-0.483950257534161,0.193498728447594,
,-0.024062500415,-0.477101011376362,0.257569079520181,
,-0.02395833375,-0.470106036576908,0.404554002569057,
,-0.023854167085,-0.463256790419109,0.589227367425337,
,-0.02375000042,-0.456261815619655,0.88570977631025,
,-0.023645833755,-0.449558298103511,1.41083539882675,
,-0.02354166709,-0.443000509229023,2.11686554201879,
,-0.023437500425,-0.436296991712879,2.54274493444245,
,-0.02333333376,-0.429593474196736,1.93721730273683,
,-0.023229167095,-0.422452770755626,0.858071585651487,
,-0.02312500043,-0.415894981881138,0.0967650611419231,
,-0.023020833765,-0.409191464364994,-0.350471114972606,
,-0.0229166671,-0.402779404132161,-0.585395735572092,
,-0.022812500435,-0.396075886616018,-0.709767593536526,
,-0.02270833377,-0.389663826383185,-0.717305281898007,
,-0.022604167105,-0.383106037508696,-0.703486186568625,
,-0.02250000044,-0.376693977275863,-0.707255030749366,
,-0.022395833775,-0.370136188401375,-0.644440961070359,
,-0.02229166711,-0.363578399526887,-0.596702268114313,
,-0.022187500445,-0.357457796577364,-0.589164579752833,
,-0.02208333378,-0.351191464986186,-0.532631917041726,
,-0.021979167115,-0.344925133395009,-0.488662068266422,
,-0.02187500045,-0.338513073162176,-0.414541466045193,
,-0.021770833785,-0.332246741570998,-0.424591717193834,
,-0.02166666712,-0.32598040997982,-0.361777647514828,
,-0.021562500455,-0.319859807030298,-0.334139456856065,
,-0.02145833379,-0.313156289514154,-0.336652019643225,
,-0.021354167125,-0.306744229281321,-0.2939384522615,
,-0.02125000046,-0.300332169048488,-0.221074131433852,
,-0.021145833795,-0.293920108815655,-0.226099257008173,
,-0.02104166713,-0.287799505866133,-0.223586694221012,
,-0.020937500465,-0.28167890291661,-0.194692222168669,
,-0.0208333338,-0.275849757250398,-0.185898252413608,
,-0.020729167135,-0.270166340225842,-0.173335438477807,
,-0.02062500047,-0.264774380484596,-0.146953529212624,
,-0.020520833805,-0.259673878026661,-0.101727399043739,
,-0.02041666714,-0.25471910421038,-0.104239961830899,
,-0.020312500475,-0.250201516319066,-0.129365589702502,
,-0.02020833381,-0.246121114352718,-0.100471117650159,
,-0.020104167145,-0.242623626952991,-0.135646996670403,
,-0.02000000048,-0.239126139553264,-0.0979585548629984,
,-0.019895833815,-0.235920109436847,-0.118059057160281,
,-0.01979166715,-0.232859807962086,-0.094189710682258,
,-0.019687500485,-0.230528149695601,-0.0803706153528765,
,-0.01958333382,-0.228342220070772,-0.0690640828106552,
,-0.019479167155,-0.226739205012564,-0.0627826758427545,
,-0.01937500049,-0.225136189954355,-0.0426821735454723,
,-0.019270833825,-0.224116089462768,-0.0464510177262127,
,-0.01916666716,-0.223387446254492,-0.0590138316620141,
,-0.019062500495,-0.223095988971181,-0.10926508740522,
,-0.01895833383,-0.222950260329526,-0.0728329269913957,
,-0.018854167165,-0.222950260329526,-0.0502198619069532,
,-0.0187500005,-0.223095988971181,-0.0376570479711518,
,-0.018645833835,-0.223387446254492,-0.0389133293647319,
,-0.01854166717,-0.223678903537802,-0.0351444851839915,
,-0.018437500505,-0.223970360821113,-0.066551520023495,
,-0.01833333384,-0.224407546746079,-0.0225816712481901,
,-0.018229167175,-0.224844732671045,-0.0539887060876936,
,-0.01812500051,-0.225281918596011,-0.0062500131316483,
,-0.018020833845,-0.225719104520977,0.00882536359131336,
,-0.01791666718,-0.226302019087598,-0.0565012688748538,
,-0.017812500515,-0.226739205012564,-0.0539887060876936,
,-0.01770833385,-0.22717639093753,-0.0112751387059689,
,-0.017604167185,-0.227759305504151,3.13938362523913E-05,
,-0.01750000052,-0.228342220070772,-0.0137877014931291,
,-0.017395833855,-0.228925134637393,-0.0326319223968312,
,-0.01729166719,-0.22965377784567,-0.0175565456738696,
,-0.017187500525,-0.230528149695601,-0.02132538985461,
,-0.01708333386,-0.231693978828844,-0.0364007665775716,
,-0.016979167195,-0.233296993887052,-0.00499373173806816,
,-0.01687500053,-0.235337194870226,0.0176193333463743,
,-0.016770833865,-0.237814581778366,-0.0263505154289305,
,-0.0166666672,-0.240874883253127,-0.0062500131316483,
,-0.016562500535,-0.24451809929451,0.00380023801699281,
,-0.01645833387,-0.248598501260858,0.0163630519527942,
,-0.016354167205,-0.252970360510517,0.00756908219773322,
,-0.01625000054,-0.257487948401831,0.0151067705592141,
,-0.016145833875,-0.262151264934801,0.0289258658885956,
,-0.01604166721,-0.267397496034391,-0.0250942340353504,
,-0.015937500545,-0.272935184417292,-0.00248116895090789,
,-0.01583333388,-0.278764330083504,0.0465138053987175,
,-0.015729167215,-0.285176390316337,0.0339509914629161,
,-0.01562500055,-0.291734179190826,0.0264133031014353,
,-0.015520833885,-0.29872915399028,0.0251570217078552,
,-0.01541666722,-0.305578400148079,0.0553077751537785,
,-0.015312500555,-0.312719103589188,0.0151067705592141,
,-0.01520833389,-0.320005535671953,0.0427449612179771,
,-0.015104167225,-0.327146239113063,0.0138504891656339,
,-0.01500000056,-0.334141213912517,0.0653580263024196,
,-0.014895833895,-0.340990460070316,0.060332900728099,
,-0.01479166723,-0.34798543486977,0.0842022472061217,
,-0.014687500565,-0.354688952385914,0.0942524983547628,
,-0.0145833339,-0.361392469902057,0.0917399355676025,
,-0.014479167235,-0.368241716059856,0.125659533194266,
,-0.01437500057,-0.375090962217655,0.130684658768587,
,-0.014270833905,-0.381940208375454,0.169629381969571,
,-0.01416666724,-0.388789454533253,0.233699733042158,
,-0.014062500575,-0.395638700691052,0.329177118954249,
,-0.01395833391,-0.402633675490506,0.478674604790285,
,-0.013854167245,-0.40962865028996,0.648272592923604,
,-0.01375000058,-0.416623625089414,0.993749976158142,
,-0.013645833915,-0.423327142605558,1.50003137777094,
,-0.01354166725,-0.430176388763357,2.22616202326026,
,-0.013437500585,-0.437025634921156,2.60681528551504,
,-0.01333333392,-0.443874881078955,1.77013187739067,
,-0.013229167255,-0.450724127236754,0.70103641145397,
,-0.01312500059,-0.457427644752897,-0.0640389572363347,
,-0.013020833925,-0.463985433627386,-0.428360561374575,
,-0.01291666726,-0.470543222501874,-0.634390709921718,
,-0.012812500595,-0.477101011376362,-0.709767593536526,
,-0.01270833393,-0.483658800250851,-0.729868095833808,
,-0.012604167265,-0.490070860483684,-0.712280156323686,
,-0.0125000006,-0.496337192074861,-0.680873121484183,
,-0.012395833935,-0.50289498094935,-0.626853021560237,
,-0.01229166727,-0.509307041182183,-0.590420861146413,
,-0.012187500605,-0.515719101415016,-0.56655151466839,
,-0.01208333394,-0.521839704364538,-0.494943475234322,
,-0.011979167275,-0.527960307314061,-0.439667093916796,
,-0.01187500061,-0.534080910263583,-0.430873124161735,
,-0.011770833945,-0.540347241854761,-0.371827898663469,
,-0.01166666728,-0.546759302087594,-0.337908301036805,
,-0.011562500615,-0.552879905037116,-0.330370612675324,
,-0.01145833395,-0.559291965269949,-0.256250010454096,
,-0.011354167285,-0.565849754144438,-0.228611819795333,
,-0.01125000062,-0.572407543018926,-0.227355538401753,
,-0.011145833955,-0.578673874610104,-0.224842975614592,
,-0.01104166729,-0.584794477559626,-0.197204784955829,
,-0.010937500625,-0.590769351867493,-0.177104282658547,
,-0.01083333396,-0.596598497533705,-0.139415840851143,
,-0.010729167295,-0.602136185916606,-0.0954459920758381,
,-0.01062500063,-0.607528145657852,-0.104239961830899,
,-0.010520833965,-0.612628648115788,-0.0954459920758381,
,-0.0104166673,-0.617583421932068,-0.094189710682258,
,-0.010312500635,-0.622246738465037,-0.1105213687988,
,-0.01020833397,-0.626327140431385,-0.0740892083849758,
,-0.010104167305,-0.629970356472768,-0.0690640828106552,
,-0.01000000064,-0.63332211523084,-0.0728329269913957,
,-0.009895833975,-0.636528145347256,-0.0539887060876936,
,-0.00979166731,-0.639442718180362,-0.066551520023495,
,-0.009687500645,-0.641920105088502,-0.0803706153528765,
,-0.00958333398,-0.644106034713332,-0.0376570479711518,
,-0.009479167315,-0.64600050705485,-0.0389133293647319,
,-0.00937500065,-0.647457793471403,-0.0426821735454723,
,-0.009270833985,-0.648623622604646,0.00505651941057295,
,-0.00916666732,-0.649352265812922,-0.0439384549390525,
,-0.009062500655,-0.649789451737888,0.00380023801699281,
,-0.00895833399,-0.649935180379543,-0.048963580513373,
,-0.008854167325,-0.649935180379543,0.00631280080415308,
,-0.00875000066,-0.649789451737888,0.0251570217078552,
,-0.008645833995,-0.649497994454578,-0.0188128270674497,
,-0.00854166733,-0.649352265812922,0.0151067705592141,
,-0.008437500665,-0.649060808529612,-0.0200691084610298,
,-0.008333334,-0.648623622604646,-0.0238379526417702,
,-0.008229167335,-0.648332165321335,-0.0288630782160908,
,-0.00812500067,-0.647894979396369,-0.0100188573123887,
,-0.008020834005,-0.647457793471403,-0.00750629452522844,
,-0.00791666734,-0.646874878904782,-0.012531420099549,
,-0.007812500675,-0.646437692979816,-0.0276067968225107,
,-0.00770833401,-0.64600050705485,-0.02132538985461,
,-0.007604167345,-0.645417592488229,0.0251570217078552,
,-0.00750000068,-0.644834677921608,-0.0326319223968312,
,-0.007395834015,-0.644251763354987,0.00380023801699281,
,-0.00729166735,-0.64352312014671,-0.0477072991197929,
,-0.007187500685,-0.642648748296779,-0.0137877014931291,
,-0.00708333402,-0.641482919163536,-0.00373745034448802,
,-0.006979167355,-0.640025632746983,-0.0276067968225107,
,-0.00687500069,-0.637985431763809,0.0125942077720538,
,-0.006770834025,-0.635508044855669,-0.0150439828867093,
,-0.00666666736,-0.632302014739253,-0.0338882037904114,
,-0.006562500695,-0.62865879869787,-0.02132538985461,
,-0.00645833403,-0.624578396731522,-0.0263505154289305,
,-0.006354167365,-0.620206537481863,-0.00499373173806816,
,-0.0062500007,-0.615834678232204,0.00128767522983253,
,-0.006145834035,-0.61131709034089,-0.0263505154289305,
,-0.00604166737,-0.606216587882955,-0.0200691084610298,
,-0.005937500705,-0.600824628141709,-0.0364007665775716,
,-0.00583333404,-0.594995482475497,-0.0150439828867093,
,-0.005729167375,-0.588874879525974,-0.0313756410032511,
,-0.00562500071,-0.582317090651486,-0.0175565456738696,
,-0.005520834045,-0.575467844493687,-0.0364007665775716,
,-0.00541666738,-0.568327141052578,0.0377198356436566,
,-0.005312500715,-0.561186437611468,-0.0527324246941134,
,-0.00520833405,-0.554045734170359,0.0251570217078552,
,-0.005104167385,-0.546759302087594,0.00254395662341267,
,-0.00500000072,-0.53976432728814,-0.0313756410032511,
,-0.004895834055,-0.532769352488685,0.0339509914629161,
,-0.00479166739,-0.525920106330886,0.0377198356436566,
,-0.004687500725,-0.519070860173088,0.0226444589206949,
,-0.00458333406,-0.512367342656944,0.0151067705592141,
,-0.004479167395,-0.50537236785749,0.086714809993282,
,-0.00437500073,-0.498523121699691,0.114353000652045,
,-0.004270834065,-0.491673875541892,0.149528879672289,
,-0.0041666674,-0.484824629384093,0.214855512138456,
,-0.004062500735,-0.477829654584639,0.266363049275242,
,-0.00395833407,-0.470834679785185,0.379428374697454,
,-0.003854167405,-0.463985433627386,0.551538925617933,
,-0.00375000074,-0.457136187469587,0.873146962374449,
,-0.003645834075,-0.450578398595098,1.31787057570182,
,-0.00354166741,-0.443729152437299,1.98746855848003,
,-0.003437500745,-0.437025634921156,2.5716394064948,
,-0.00333333408,-0.430322117405012,2.0904836327536,
,-0.003229167415,-0.423472871247213,1.0088253528811,
,-0.00312500075,-0.41676935373107,0.130684658768587,
,-0.003020834085,-0.410211564856581,-0.347958552185446,
,-0.00291666742,-0.403653775982093,-0.515043977531604,
,-0.002812500755,-0.397095987107605,-0.693435935419984,
,-0.00270833409,-0.390538198233116,-0.741174628376029,
,-0.002604167425,-0.383834680716973,-0.739918346982449,
,-0.00250000076,-0.377276891842484,-0.660772619186901,
,-0.002395834095,-0.370573374326341,-0.689667091239244,
,-0.00229166743,-0.364161314093508,-0.623084177379496,
,-0.002187500765,-0.35789498250233,-0.592933423933573,
,-0.0020833341,-0.351774379552808,-0.536400761222467,
,-0.001979167435,-0.345653776603285,-0.511275133350864,
,-0.00187500077,-0.339533173653763,-0.400722370715812,
,-0.001770834105,-0.333266842062585,-0.413285184651613,
,-0.00166666744,-0.327000510471407,-0.366802773089148,
,-0.001562500775,-0.32073417888023,-0.361777647514828,
,-0.00145833411,-0.314176390005741,-0.301476140622981,
,-0.001354167445,-0.307472872489598,-0.321576642920263,
,-0.00125000078,-0.301060812256765,-0.239918352337554,
,-0.001145834115,-0.294503023382276,-0.254993729060516,
,-0.00104166745,-0.288382420432754,-0.218561568646692,
,-0.000937500785000003,-0.282261817483231,-0.243687196518295,
,-0.000833334120000001,-0.27643267181702,-0.173335438477807,
,-0.000729167454999999,-0.270749254792463,-0.129365589702502,
,-0.000625000790000003,-0.265503023692872,-0.154491217574105,
,-0.000520834125000001,-0.260256792593282,-0.11303393158596,
,-0.000416667459999999,-0.255302018777002,-0.11177765019238,
,-0.000312500795000004,-0.250784430885687,-0.116802775766701,
,-0.000208334130000001,-0.246704028919339,-0.1105213687988,
,-0.000104167464999999,-0.243060812877957,-0.10800880601164,
,-8.00000003742252E-10,-0.23956332547823,-0.0841394595336169,
,0.000104165864999999,-0.236357295361813,-0.1105213687988,
,0.000208332530000001,-0.233151265245397,-0.085395740927197,
,0.000312499194999996,-0.230819606978912,-0.0816268967464566,
,0.000416665859999998,-0.228779405995738,-0.0451947363326326,
,0.000520832525000001,-0.227030662295874,-0.0338882037904114,
,0.000624999189999996,-0.225427647237666,-0.0678078014170751,
,0.000729165854999998,-0.224261818104424,-0.040169610758312,
,0.000833332520000001,-0.223533174896147,-0.0728329269913957,
,0.000937499185000003,-0.223095988971181,-0.040169610758312,
,0.00104166585,-0.222950260329526,0.00128767522983253,
,0.001145832515,-0.222950260329526,-0.0539887060876936,
,0.00124999918,-0.223095988971181,-0.0565012688748538,
,0.001354165845,-0.223241717612837,-0.0451947363326326,
,0.00145833251,-0.223533174896147,-0.0326319223968312,
,0.001562499175,-0.223824632179458,-0.0137877014931291,
,0.00166666584,-0.224261818104424,-0.0188128270674497,
,0.001770832505,-0.224699004029389,-0.00876257591880858,
,0.00187499917,-0.225136189954355,-0.0112751387059689,
,0.001979165835,-0.225573375879321,-0.02132538985461,
,0.0020833325,-0.226156290445942,-0.0414258921518922,
,0.002187499165,-0.226739205012564,-0.0188128270674497,
,0.00229166583,-0.227030662295874,-0.0301193596096709,
,0.002395832495,-0.227613576862495,-0.0175565456738696,
,0.00249999916,-0.228196491429117,-0.0188128270674497,
,0.002604165825,-0.228925134637393,-0.00750629452522844,
,0.00270833249,-0.229508049204014,-0.0163002642802894,
,0.002812499155,-0.230528149695601,-0.0288630782160908,
,0.00291666582,-0.231693978828844,3.13938362523913E-05,
,0.003020832485,-0.233296993887052,-0.0301193596096709,
,0.00312499915,-0.235482923511881,-0.0225816712481901,
,0.003229165815,-0.237960310420021,-0.0426821735454723,
,0.00333333248,-0.240874883253127,0.0289258658885956,
,0.003437499145,-0.244663827936165,0.0276695844950154,
,0.00354166581,-0.248598501260858,0.0125942077720538,
,0.003645832475,-0.252970360510517,0.0389761170372367,
,0.00374999914,-0.257342219760176,0.0264133031014353,
,0.003854165805,-0.262151264934801,0.0100816449848935,
,0.00395833247,-0.267251767392736,0.0301821472821757,
,0.004062499135,-0.272643727133982,-0.00876257591880858,
,0.0041666658,-0.278327144158538,3.13938362523913E-05,
,0.004270832465,-0.284593475749716,-0.0527324246941134,
,0.00437499913,-0.291005535982549,-0.0250942340353504,
,0.004479165795,-0.297854782140348,0.0339509914629161,
,0.00458333246,-0.304849756939802,0.0641017449088395,
,0.004687499125,-0.311844731739257,0.0289258658885956,
,0.00479166579,-0.319276892463677,0.0465138053987175,
,0.004895832455,-0.326417595904786,0.0578203379409388,
,0.00499999912,-0.333558299345896,0.0816896844189614,
,0.005104165785,-0.34055327414535,0.0678705890895799,
,0.00520833245,-0.347402520303149,0.0540514937601984,
,0.005312499115,-0.354106037819292,0.0892273727804422,
,0.00541666578,-0.360663826693781,0.110584156471305,
,0.005520832445,-0.367367344209924,0.0955087797483429,
,0.00562499911,-0.374216590367723,0.16209169360809,
,0.005729165775,-0.381065836525522,0.208574105170555,
,0.00583333244,-0.387915082683321,0.233699733042158,
,0.005937499105,-0.39476432884112,0.317870586412027,
,0.00604166577,-0.401613574998919,0.457317821099423,
,0.006145832435,-0.408608549798373,0.586714804638177,
,0.0062499991,-0.415603524597827,0.957317815744318,
,0.006354165765,-0.422598499397282,1.45857409178279,
,0.00645833243,-0.42944774555508,2.16209167218767,
,0.006562499095,-0.436442720354535,2.54777006001677,
,0.00666666576,-0.443291966512334,1.94726755388547,
,0.006770832425,-0.449995484028477,0.770131888100877,
,0.00687499909,-0.456553272902966,-0.0200691084610298,
,0.006979165755,-0.462965333135799,-0.407003777683713,
,0.00708333242,-0.469377393368632,-0.591677142539993,
,0.007187499085,-0.47593518224312,-0.699717342387885,
,0.00729166575,-0.482347242475953,-0.734893221408129,
,0.007395832415,-0.488905031350441,-0.726099251653068,
,0.00749999908,-0.49546282022493,-0.704742467962205,
,0.007604165745,-0.502166337741073,-0.674591714516282,
,0.00770833241,-0.508869855257217,-0.618059051805176,
,0.007812499075,-0.51528191549005,-0.577858047210611,
,0.00791666574,-0.521548247081228,-0.47861181711778,
,0.008020832405,-0.527523121389095,-0.435898249736056,
,0.00812499907,-0.533497995696962,-0.433385686948895,
,0.008229165735,-0.53976432728814,-0.390672119567171,
,0.0083333324,-0.546030658879317,-0.306501266197301,
,0.008437499065,-0.552005533187184,-0.335395738249645,
,0.00854166573,-0.558417593420018,-0.303988703410141,
,0.008645832395,-0.565121110936161,-0.246199759305455,
,0.00874999906,-0.571678899810649,-0.226099257008173,
,0.008854165725,-0.578236688685138,-0.190923377987929,
,0.00895833239,-0.58435729163466,-0.226099257008173,
,0.009062499055,-0.590332165942527,-0.158260061754845,
,0.00916666572,-0.596161311608739,-0.125596745521761,
,0.009270832385,-0.601844728633296,-0.133134433883242,
,0.00937499905,-0.606945231091231,-0.126853026915342,
,0.009479165715,-0.612045733549166,-0.0728329269913957,
,0.00958333238,-0.617000507365447,-0.0791143339592963,
,0.009687499045,-0.621663823898416,-0.0929334292886779,
,0.00979166571,-0.62588995450642,-0.0778580525657162,
,0.009895832375,-0.629678899189457,-0.0866520223207772,
,0.00999999904,-0.633030657947529,-0.0954459920758381,
,0.010104165705,-0.636382416705601,-0.0301193596096709,
,0.01020833237,-0.639296989538707,-0.0728329269913957,
,0.010312499035,-0.641920105088502,-0.0967022734694183,
,0.0104166657,-0.643960306071676,-0.0992148362565786,
,0.010520832365,-0.64570904977154,-0.040169610758312,
,0.01062499903,-0.647166336188093,-0.048963580513373,
,0.010729165695,-0.648332165321335,-0.0502198619069532,
,0.01083333236,-0.649206537171267,-0.0502198619069532,
,0.010937499025,-0.649643723096233,-0.0326319223968312,
,0.01104166569,-0.649789451737888,-0.0175565456738696,
,0.011145832355,-0.649789451737888,-0.048963580513373,
,0.01124999902,-0.649643723096233,-0.0137877014931291,
,0.011354165685,-0.649352265812922,-0.0514761433005333,
,0.01145833235,-0.649206537171267,-0.0338882037904114,
,0.011562499015,-0.648769351246301,-0.0100188573123887,
,0.01166666568,-0.64847789396299,-0.0514761433005333,
,0.011770832345,-0.64818643667968,0.00128767522983253,
,0.01187499901,-0.647749250754714,-0.0426821735454723,
,0.011979165675,-0.647312064829748,-0.0238379526417702,
,0.01208333234,-0.646874878904782,-0.0163002642802894,
,0.012187499005,-0.646291964338161,-0.0137877014931291,
,0.01229166567,-0.645854778413195,-0.0301193596096709,
,0.012395832335,-0.645271863846574,0.00756908219773322,
,0.012499999,-0.644688949279953,-0.048963580513373,
,0.012604165665,-0.644106034713332,-0.0175565456738696,
,0.01270833233,-0.64352312014671,0.00882536359131336,
,0.012812498995,-0.642648748296779,0.0452575240051374,
,0.01291666566,-0.641482919163536,-0.0062500131316483,
,0.013020832325,-0.640025632746983,0.0188756147399545,
,0.01312499899,-0.638131160405464,-0.0288630782160908,
,0.013229165655,-0.63579950213898,-0.00750629452522844,
,0.01333333232,-0.633030657947529,-0.0137877014931291,
,0.013437498985,-0.629533170547802,3.13938362523913E-05,
,0.01354166565,-0.625452768581454,-0.0112751387059689,
,0.013645832315,-0.621080909331795,-0.0326319223968312,
,0.01374999898,-0.616563321440481,-0.0364007665775716,
,0.013854165645,-0.611900004907511,-0.0238379526417702,
,0.01395833231,-0.606653773807921,0.00128767522983253,
,0.014062498975,-0.600970356783364,-0.0150439828867093,
,0.01416666564,-0.595286939758807,0.00756908219773322,
,0.014270832305,-0.58931206545094,0.0301821472821757,
,0.01437499897,-0.582900005218107,0.0301821472821757,
,0.014479165635,-0.576196487701964,-0.0250942340353504,
,0.0145833323,-0.569201512902509,-0.0150439828867093,
,0.014687498965,-0.5620608094614,0.0188756147399545,
,0.01479166563,-0.554774377378635,-0.0175565456738696,
,0.014895832295,-0.547633673937526,0.032694710069336,
,0.01499999896,-0.540492970496416,0.00505651941057295,
,0.015104165625,-0.533497995696962,0.0477700867922977,
,0.01520833229,-0.526648749539163,0.0477700867922977,
,0.015312498955,-0.519653774739709,0.0427449612179771,
,0.01541666562,-0.512950257223565,0.0716394332703203,
,0.015520832285,-0.506101011065766,0.123146970407106,
,0.01562499895,-0.499106036266312,0.129428377375007,
,0.015729165615,-0.492402518750168,0.148272598278709,
,0.01583333228,-0.485699001234025,0.222393200499937,
,0.015937498945,-0.478849755076226,0.221136919106357,
,0.01604166561,-0.471854780276772,0.364352997974493,
,0.016145832275,-0.464859805477317,0.512594202416949,
,0.01624999894,-0.458010559319519,0.770131888100877,
,0.016354165605,-0.451307041803375,1.23872484790627,
,0.01645833227,-0.444603524287231,1.94098614691757,
,0.016562498935,-0.437900006771088,2.52138815075159,
,0.0166666656,-0.431050760613289,2.22741830465384,
,0.016770832265,-0.424347243097145,1.08420223649591,
,0.01687499893,-0.417352268297691,0.245006265584379,
,0.016979165595,-0.410794479423203,-0.267556542996317,
,0.01708333226,-0.404236690548714,-0.550219856551848,
,0.017187498925,-0.397824630315881,-0.687154528452083,
,0.01729166559,-0.391266841441393,-0.739918346982449,
,0.017395832255,-0.384709052566905,-0.765043974854052,
,0.01749999892,-0.378151263692416,-0.712280156323686,
,0.017604165585,-0.371447746176273,-0.660772619186901,
,0.01770833225,-0.364889957301784,-0.621827895985916,
,0.017812498915,-0.358477897068951,-0.576601765817031,
,0.01791666558,-0.352211565477774,-0.527606791467406,
,0.018020832245,-0.346090962528251,-0.47233041014988,
,0.01812499891,-0.339970359578729,-0.435898249736056,
,0.018229165575,-0.333849756629206,-0.394440963747911,
,0.01833333224,-0.327583425038029,-0.408260059077293,
,0.018437498905,-0.321462822088506,-0.332883175462484,
,0.01854166557,-0.314905033214018,-0.315295235952362,
,0.018645832235,-0.308347244339529,-0.309013828984462,
,0.0187499989,-0.301643726823386,-0.249968603486195,
,0.018854165565,-0.295231666590553,-0.218561568646692,
,0.01895833223,-0.288965334999375,-0.224842975614592,
,0.019062498895,-0.282844732049853,-0.151978654786944,
,0.01916666556,-0.276869857741985,-0.165797750116326,
,0.019270832225,-0.271332169359084,-0.185898252413608,
,0.01937499889,-0.265940209617838,-0.20474247331731,
,0.019479165555,-0.260839707159903,-0.151978654786944,
,0.01958333222,-0.256030661985278,-0.106752524618059,
,0.019687498885,-0.251658802735619,-0.105496243224479,
,0.01979166555,-0.247432672127616,-0.0590138316620141,
,0.019895832215,-0.243789456086233,-0.145697247819044,
,0.01999999888,-0.240583425969817,-0.11177765019238,
,0.020104165545,-0.2373773958534,-0.129365589702502,
,0.02020833221,-0.234171365736984,-0.0678078014170751,
,0.020312498875,-0.231548250187188,-0.0627826758427545,
,0.02041666554,-0.229508049204014,-0.0703203642042354,
,0.020520832205,-0.227613576862495,-0.0615263944491744,
,0.02062499887,-0.226010561804287,-0.0464510177262127,
,0.020729165535,-0.224844732671045,-0.0514761433005333,
,0.0208333322,-0.223970360821113,-0.0527324246941134,
,0.020937498865,-0.223387446254492,-0.00122488755732775,
,0.02104166553,-0.223095988971181,-0.0539887060876936,
,0.021145832195,-0.223095988971181,-0.0263505154289305,
,0.02124999886,-0.223241717612837,-0.0301193596096709,
,0.021354165525,-0.223241717612837,-0.012531420099549,
,0.02145833219,-0.223533174896147,-0.0238379526417702,
,0.021562498855,-0.223824632179458,-0.0539887060876936,
,0.02166666552,-0.224261818104424,-0.0163002642802894,
,0.021770832185,-0.224553275387734,-0.00248116895090789,
,0.02187499885,-0.225136189954355,-0.012531420099549,
,0.021979165515,-0.225573375879321,-0.0276067968225107,
,0.02208333218,-0.226010561804287,-0.0100188573123887,
,0.022187498845,-0.226447747729253,0.00254395662341267,
,0.02229166551,-0.226884933654219,-0.0313756410032511,
,0.022395832175,-0.22746784822084,-0.0100188573123887,
,0.02249999884,-0.228050762787461,-0.0414258921518922,
,0.022604165505,-0.228779405995738,-0.0163002642802894,
,0.02270833217,-0.229508049204014,-0.00248116895090789,
,0.022812498835,-0.230382421053946,-0.0502198619069532,
,0.0229166655,-0.231402521545533,-0.0137877014931291,
,0.023020832165,-0.233005536603741,-0.0364007665775716,
,0.02312499883,-0.23490000894526,-0.0062500131316483,
,0.023229165495,-0.2373773958534,0.00128767522983253,
,0.02333333216,-0.240291968686506,0.00756908219773322,
,0.023437498825,-0.243789456086233,-0.00373745034448802,
,0.02354166549,-0.247869858052582,-0.00248116895090789,
,0.023645832155,-0.252095988660585,3.13938362523913E-05,
,0.02374999882,-0.256467847910244,-0.0175565456738696,
,0.023854165485,-0.261131164443213,0.0100816449848935,
,0.02395833215,-0.266231666901149,0.023900740314275,
,0.024062498815,-0.271623626642395,0.023900740314275,
,0.02416666548,-0.277452772308607,0.00631280080415308,
,0.024270832145,-0.283719103899784,0.023900740314275,
,0.02437499881,-0.290276892774273,0.0515389309730381,
,0.024479165475,-0.296980410290416,0.0138504891656339,
,0.02458333214,-0.303975385089871,0.0289258658885956,
,0.024687498805,-0.311261817172635,0.0201318961335346,
,0.02479166547,-0.318402520613745,0.0251570217078552,
,0.024895832135,-0.325543224054854,0.041488679824397,
,0.0249999988,-0.332538198854309,0.0151067705592141,
,0.025104165465,-0.339387445012107,0.0276695844950154,
,0.02520833213,-0.346382419811562,0.06912687048316,
,0.025312498795,-0.353085937327705,0.0842022472061217,
,0.02541666546,-0.359789454843849,0.0929962169611827,
,0.025520832125,-0.366638701001648,0.0992776239290833,
,0.02562499879,-0.373487947159447,0.16083541221451,
,0.025729165455,-0.380337193317246,0.183448477298953,
,0.02583333212,-0.387186439475045,0.236212295829318,
,0.025937498785,-0.394181414274499,0.291488677146845,
,0.02604166545,-0.401176389073953,0.438473600195721,
,0.026145832115,-0.408025635231752,0.600533899967559,
,0.02624999878,-0.414874881389551,0.900785153033212,
,0.026354165445,-0.421869856189005,1.32792082685046,
,0.02645833211,-0.428573373705149,2.05153890955262,
,0.026562498775,-0.435568348504603,2.58922734600492,
,0.02666666544,-0.442271866020747,2.05782031652052,
,0.026770832105,-0.449121112178545,0.890734901884571,
,0.02687499877,-0.455970358336344,0.111840437864885,
,0.026979165435,-0.462673875852488,-0.358008803334087,
,0.0270833321,-0.469231664726976,-0.594189705327153,
,0.027187498765,-0.475789453601465,-0.672079151729122,
,0.02729166543,-0.482201513834298,-0.738662065588869,
,0.027395832095,-0.488613574067131,-0.751224879524671,
,0.02749999876,-0.494879905658308,-0.708511312142946,
,0.027604165425,-0.501291965891141,-0.638159554102458,
,0.02770833209,-0.507704026123974,-0.620571614592336,
,0.027812498755,-0.514116086356808,-0.582883172784932,
,0.02791666542,-0.52023668930633,-0.530119354254566,
,0.028020832085,-0.526357292255852,-0.437154531129636,
,0.02812499875,-0.532477895205375,-0.434641968342476,
,0.028229165415,-0.538889955438208,-0.390672119567171,
,0.02833333208,-0.545447744312696,-0.364290210301988,
,0.028437498745,-0.551714075903874,-0.340420863823965,
,0.02854166541,-0.558126136136707,-0.300219859229401,
,0.028645832075,-0.564829653652851,-0.282631919719279,
,0.02874999874,-0.571241713885684,-0.261275136028416,
,0.028854165405,-0.577653774118517,-0.174591719871387,
,0.02895833207,-0.583628648426384,-0.193435940775089,
,0.029062498735,-0.589603522734251,-0.177104282658547,
,0.0291666654,-0.595432668400463,-0.141928403638303,
,0.029270832065,-0.600970356783364,-0.159516343148425,
,0.02937499873,-0.606216587882955,-0.0979585548629984,
,0.029479165395,-0.611462818982545,-0.1105213687988,
,0.02958333206,-0.616417592798825,-0.0703203642042354,
,0.029687498725,-0.62122663797345,-0.0828831781400368,
,0.02979166539,-0.625452768581454,-0.0916771478950977,
,0.029895832055,-0.629241713264491,-0.0778580525657162,
,0.02999999872,-0.632593472022563,-0.0376570479711518,
,0.030104165385,-0.635945230780635,-0.0602701130555943,
,0.03020833205,-0.639005532255396,-0.0703203642042354,
,0.030312498715,-0.641628647805192,-0.0364007665775716,
,0.03041666538,-0.643668848788366,-0.0678078014170751,
,0.030520832045,-0.645417592488229,-0.0175565456738696,
,0.03062499871,-0.647020607546438,-0.057757550268434,
,0.030729165375,-0.64818643667968,-0.0690640828106552,
,0.03083333204,-0.649060808529612,-0.048963580513373,
,0.030937498705,-0.649497994454578,0.00882536359131336,
,0.03104166537,-0.649789451737888,-0.0137877014931291,
,0.031145832035,-0.649789451737888,-0.0301193596096709,
,0.0312499987,-0.649643723096233,-0.0288630782160908,
,0.031354165365,-0.649497994454578,-0.0477072991197929,
,0.03145833203,-0.649060808529612,-0.00122488755732775,
,0.031562498695,-0.648915079887956,0.00756908219773322,
,0.03166666536,-0.64847789396299,-0.0250942340353504,
,0.031770832025,-0.64818643667968,-0.0364007665775716,
,0.03187499869,-0.647749250754714,-0.00122488755732775,
,0.031979165355,-0.647312064829748,0.023900740314275,
,0.03208333202,-0.646874878904782,-0.012531420099549,
,0.032187498685,-0.646437692979816,0.0138504891656339,
,0.03229166535,-0.64600050705485,-0.0100188573123887,
,0.032395832015,-0.645417592488229,-0.0112751387059689,
,0.03249999868,-0.644834677921608,0.00380023801699281,
,0.032604165345,-0.644251763354987,-0.00750629452522844,
,0.03270833201,-0.64352312014671,-0.0200691084610298,
,0.032812498675,-0.642648748296779,-0.0439384549390525,
,0.03291666534,-0.641628647805192,-0.0100188573123887,
,0.033020832005,-0.640171361388639,-0.0338882037904114,
,0.03312499867,-0.63827688904712,-0.0100188573123887,
,0.033229165335,-0.635945230780635,-0.00122488755732775,
,0.033333332,-0.63332211523084,3.13938362523913E-05,
,0.033437498665,-0.629824627831113,-0.048963580513373,
,0.03354166533,-0.625744225864764,-0.0163002642802894,
,0.033645831995,-0.621663823898416,-0.0276067968225107,
,0.03374999866,-0.617146236007102,-0.0062500131316483,
,0.033854165325,-0.612337190832477,-0.0263505154289305,
,0.03395833199,-0.607236688374542,-0.0175565456738696,
,0.034062498655,-0.601844728633296,-0.00750629452522844,
,0.03416666532,-0.596161311608739,0.023900740314275,
,0.034270831985,-0.590040708659217,-0.00876257591880858,
,0.03437499865,-0.583774377068039,0.0163630519527942,
,0.034479165315,-0.577070859551895,0.0125942077720538,
,0.03458333198,-0.569930156110786,0.00756908219773322,
,0.034687498645,-0.562789452669676,0.00756908219773322,
,0.03479166531,-0.555648749228567,-0.00248116895090789,
,0.034895831975,-0.548508045787457,0.0188756147399545,
,0.03499999864,-0.541221613704693,0.00882536359131336,
,0.035104165305,-0.534372367546894,0.060332900728099,
,0.03520833197,-0.527377392747439,0.0125942077720538,
,0.035312498635,-0.520673875231296,0.0515389309730381,
,0.0354166653,-0.513824629073497,0.0264133031014353,
,0.035520831965,-0.506975382915698,0.0917399355676025,
,0.03562499863,-0.499980408116244,0.0980213425355032,
,0.035729165295,-0.493131161958445,0.118121844832785,
,0.03583333196,-0.486281915800646,0.152041442459449,
,0.035937498625,-0.479432669642847,0.288976114359684,
,0.03604166529,-0.472437694843393,0.356815309613012,
,0.036145831955,-0.465442720043939,0.528925860533491,
,0.03624999862,-0.45859347388614,0.785207264823839,
,0.036354165285,-0.451889956369996,1.15832283871714,
,0.03645833195,-0.445332167495508,1.8442524796119,
,0.036562498615,-0.438628649979364,2.54651377862319,
,0.03666666528,-0.431925132463221,2.31284543941729,
,0.036770831945,-0.425075886305422,1.27390072692651,
,0.03687499861,-0.418226640147623,0.314101742231287,
,0.036979165275,-0.411523122631479,-0.242430915124714,
,0.03708333194,-0.404965333756991,-0.488662068266422,
,0.037187498605,-0.398407544882502,-0.673335433122702,
,0.03729166527,-0.391849756008014,-0.734893221408129,
,0.037395831935,-0.385291967133526,-0.712280156323686,
,0.0374999986,-0.378879906900693,-0.704742467962205,
,0.037604165265,-0.37246784666786,-0.724842970259488,
,0.03770833193,-0.365910057793371,-0.664541463367641,
,0.037812498595,-0.359643726202194,-0.601727393688634,
,0.03791666526,-0.353377394611016,-0.523837947286665,
,0.038020831925,-0.347111063019838,-0.506250007776544,
,0.03812499859,-0.340990460070316,-0.461023877607659,
,0.038229165255,-0.334578399837483,-0.427104279980995,
,0.03833333192,-0.328020610962994,-0.368059054482728,
,0.038437498585,-0.321754279371817,-0.332883175462484,
,0.03854166525,-0.315342219138984,-0.368059054482728,
,0.038645831915,-0.308784430264495,-0.319064080133103,
,0.03874999858,-0.302372370031662,-0.268812824389897,
,0.038854165245,-0.295960309798829,-0.209767598891631,
,0.03895833191,-0.289839706849307,-0.232380663976073,
,0.039062498575,-0.283573375258129,-0.20348619192373,
,0.03916666524,-0.277744229591917,-0.20222991053015,
,0.039270831905,-0.271915083925705,-0.153234936180525,
,0.03937499857,-0.266523124184459,-0.168310312903486,
,0.039479165235,-0.261276893084869,-0.11429021297954,
,0.0395833319,-0.256322119268589,-0.149466091999784,
,0.039687498565,-0.251658802735619,-0.0866520223207772,
,0.03979166523,-0.247432672127616,-0.159516343148425,
,0.039895831895,-0.243789456086233,-0.123084182734601,
,0.03999999856,-0.240437697328161,-0.0527324246941134,
,0.040104165225,-0.23708593857009,-0.0904208665015176,
,0.04020833189,-0.234025637095328,-0.0552449874812737,
,0.040312498555,-0.231402521545533,-0.0502198619069532,
,0.04041666522,-0.229362320562359,-0.0728329269913957,
,0.040520831885,-0.22746784822084,-0.0590138316620141,
,0.04062499855,-0.225864833162632,-0.0451947363326326,
,0.040729165215,-0.224553275387734,-0.0527324246941134,
,0.04083333188,-0.223824632179458,-0.048963580513373,
,0.040937498545,-0.223241717612837,-0.0527324246941134,
,0.04104166521,-0.223095988971181,-0.0426821735454723,
,0.041145831875,-0.223095988971181,-0.0451947363326326,
,0.04124999854,-0.223241717612837,-0.02132538985461,
,0.041354165205,-0.223387446254492,-0.00750629452522844,
,0.04145833187,-0.223678903537802,-0.0112751387059689,
,0.041562498535,-0.223970360821113,-0.0276067968225107,
,0.0416666652,-0.224407546746079,-0.0326319223968312,
,0.041770831865,-0.224699004029389,-0.0188128270674497,
,0.04187499853,-0.225136189954355,-0.0326319223968312,
,0.041979165195,-0.225573375879321,-0.0313756410032511,
,0.04208333186,-0.226010561804287,-0.0338882037904114,
,0.042187498525,-0.226593476370908,-0.0376570479711518,
,0.04229166519,-0.227030662295874,-0.0715766455978155,
,0.042395831855,-0.22746784822084,0.00128767522983253,
,0.04249999852,-0.228196491429117,-0.0163002642802894,
,0.042604165185,-0.228779405995738,-0.0276067968225107,
,0.04270833185,-0.229508049204014,-0.0150439828867093,
,0.042812498515,-0.230382421053946,-0.00373745034448802,
,0.04291666518,-0.231402521545533,-0.0238379526417702,
,0.043020831845,-0.232859807962086,-0.00373745034448802,
,0.04312499851,-0.234754280303605,-0.0376570479711518,
,0.043229165175,-0.23708593857009,0.00505651941057295,
,0.04333333184,-0.23985478276154,3.13938362523913E-05,
,0.043437498505,-0.243352270161267,-0.0276067968225107,
,0.04354166517,-0.24728694348596,0.0138504891656339,
,0.043645831835,-0.251513074093964,0.0138504891656339,
,0.0437499985,-0.256030661985278,0.0452575240051374,
,0.043854165165,-0.260693978518248,-0.0426821735454723,
,0.04395833183,-0.265648752334528,0.0125942077720538,
,0.044062498495,-0.271040712075774,-0.0301193596096709,
,0.04416666516,-0.276869857741985,0.0251570217078552,
,0.044270831825,-0.282990460691508,-0.02132538985461,
,0.04437499849,-0.289548249565996,-0.00750629452522844,
,0.044479165155,-0.29625176708214,0.00882536359131336,
,0.04458333182,-0.303246741881594,0.0151067705592141,
,0.044687498485,-0.310533173964359,0.023900740314275,
,0.04479166515,-0.317528148763813,0.0502826495794579,
,0.044895831815,-0.324814580846578,0.0113379263784736,
,0.04499999848,-0.331809555646032,0.060332900728099,
,0.045104165145,-0.338658801803831,0.023900740314275,
,0.04520833181,-0.345653776603285,0.0754082774510607,
,0.045312498475,-0.352503022761084,0.0515389309730381,
,0.04541666514,-0.359206540277228,0.0615891821216792,
,0.045520831805,-0.366055786435027,0.0716394332703203,
,0.04562499847,-0.37275930395117,0.15957913082093,
,0.045729165135,-0.379608550108969,0.16334797500167,
,0.0458333318,-0.386457796266768,0.272644456243142,
,0.045937498465,-0.393452771066222,0.272644456243142,
,0.04604166513,-0.400447745865677,0.423398223472759,
,0.046145831795,-0.407442720665131,0.586714804638177,
,0.04624999846,-0.41429196682293,0.855559022864327,
,0.046354165125,-0.421286941622384,1.3505338919349,
,0.04645833179,-0.428136187780183,2.00254393520299,
,0.046562498455,-0.434985433937982,2.56410171813332,
,0.04666666512,-0.441688951454125,2.14199116989039,
,0.046770831785,-0.448538197611924,0.986212287796661,
,0.04687499845,-0.455241715128068,0.114353000652045,
,0.046979165115,-0.461945232644212,-0.350471114972606,
,0.04708333178,-0.4685030215187,-0.615546489018016,
,0.047187498445,-0.475060810393188,-0.680873121484183,
,0.04729166511,-0.481472870626021,-0.752481160918251,
,0.047395831775,-0.487884930858854,-0.688410809845664,
,0.04749999844,-0.494151262450032,-0.668310307548381,
,0.047604165105,-0.50070905132452,-0.664541463367641,
,0.04770833177,-0.507266840199009,-0.633134428528138,
,0.047812498435,-0.513533171790186,-0.547707293764688,
,0.0479166651,-0.519799503381364,-0.499968600808643,
,0.048020831765,-0.525920106330886,-0.438410812523216,
,0.04812499843,-0.532040709280409,-0.413285184651613,
,0.048229165095,-0.538161312229931,-0.391928400960751,
,0.04833333176,-0.544573372462764,-0.346702270791866,
,0.048437498425,-0.550985432695597,-0.317807798739523,
,0.04854166509,-0.557251764286775,-0.29268217086792,
,0.048645831755,-0.563955281802919,-0.262531417421997,
,0.04874999842,-0.570221613394096,-0.20474247331731,
,0.048854165085,-0.576779402268585,-0.193435940775089,
,0.04895833175,-0.582900005218107,-0.209767598891631,
,0.049062498415,-0.588874879525974,-0.190923377987929,
,0.04916666508,-0.594704025192186,-0.153234936180525,
,0.049270831745,-0.600387442216743,-0.144440966425464,
,0.04937499841,-0.605779401957989,-0.120571619947441,
,0.049479165075,-0.610879904415924,-0.0715766455978155,
,0.04958333174,-0.615834678232204,-0.0740892083849758,
,0.049687498405,-0.620789452048484,-0.101727399043739,
,0.04979166507,-0.625015582656488,-0.101727399043739,
,0.049895831735,-0.62865879869787,-0.0904208665015176,
