,-0.025,-0.207699007645715,-0.370689642382786,
,-0.024948796725,-0.200693982100347,-0.358629341935739,
,-0.02489759345,-0.192864835902583,-0.345061503932811,
,-0.024846390175,-0.185035689704819,-0.329986128374003,
,-0.0247951869,-0.177206543507054,-0.317925827926956,
,-0.024743983625,-0.16937739730929,-0.304357989924029,
,-0.02469278035,-0.161136190785328,-0.296820302144624,
,-0.024641577075,-0.153307044587564,-0.278729851474054,
,-0.0245903738,-0.1454778983898,-0.27119216369465,
,-0.024539170525,-0.137648752192035,-0.260639400803484,
,-0.02448796725,-0.129819605994271,-0.25310171302408,
,-0.024436763975,-0.121990459796507,-0.241041412577033,
,-0.0243855607,-0.114161313598743,-0.23501126235351,
,-0.024334357425,-0.10592010707478,-0.224458499462344,
,-0.02428315415,-0.0980909608770162,-0.213905736571178,
,-0.024231950875,-0.0906738750054501,-0.209383123903535,
,-0.0241807476,-0.0828447288076859,-0.204860511235893,
,-0.024129544325,-0.0754276429361198,-0.195815285900608,
,-0.02407834105,-0.0680105570645537,-0.186770060565323,
,-0.024027137775,-0.0605934711929876,-0.177724835230038,
,-0.0239759345,-0.0531763853214215,-0.173202222562395,
,-0.023924731225,-0.0461713597760536,-0.165664534782991,
,-0.02387352795,-0.0387542739044875,-0.162649459671229,
,-0.023822324675,-0.0321613086853176,-0.158126847003587,
,-0.0237711214,-0.0255683434661478,-0.153604234335944,
,-0.023719918125,-0.0185633179207798,-0.147574084112421,
,-0.02366871485,-0.01197035270161,-0.140036396333016,
,-0.023617511575,-0.0053773874824401,-0.132498708553612,
,-0.0235663083,0.00162763806292787,-0.130991170997731,
,-0.023515105025,0.00822060328209773,-0.129483633441851,
,-0.02346390175,0.0152256288274657,-0.117423332994804,
,-0.023412698475,0.0218185940466356,-0.117423332994804,
,-0.0233614952,0.0288236195920035,-0.115915795438923,
,-0.023310291925,0.0354165848111734,-0.11139318277128,
,-0.02325908865,0.0420095500303432,-0.103855494991876,
,-0.023207885375,0.0490145755757112,-0.103855494991876,
,-0.0231566821,0.0556075407948811,-0.0993328823242337,
,-0.023105478825,0.0622005060140509,-0.0917951945448294,
,-0.02305427555,0.0687934712332208,-0.0887801194330677,
,-0.023003072275,0.0753864364523906,-0.0887801194330677,
,-0.022951869,0.0815673413453624,-0.0842575067654252,
,-0.022900665725,0.0881603065645322,-0.0857650443213061,
,-0.02284946245,0.0947532717837021,-0.0812424316536635,
,-0.022798259175,0.100934176676674,-0.0721972063183784,
,-0.0227470559,0.107115081569646,-0.0752122814301401,
,-0.022695852625,0.113708046788815,-0.0737047438742593,
,-0.02264464935,0.119888951681787,-0.0691821312066168,
,-0.022593446075,0.126069856574759,-0.0721972063183784,
,-0.0225422428,0.132250761467731,-0.0631519809830934,
,-0.022491039525,0.138431666360702,-0.0646595185389742,
,-0.02243983625,0.144612571253674,-0.05712183075957,
,-0.022388632975,0.150793476146646,-0.0601369058713317,
,-0.0223374297,0.156562320713419,-0.05712183075957,
,-0.022286226425,0.162743225606391,-0.0510916805360466,
,-0.02223502315,0.168512070173165,-0.0556142932036892,
,-0.022183819875,0.174280914739938,-0.0586293683154508,
,-0.0221326166,0.179637698980514,-0.0556142932036892,
,-0.022081413325,0.185818603873486,-0.0510916805360466,
,-0.02203021005,0.191587448440259,-0.0480766054242849,
,-0.021979006775,0.196944232680835,-0.0465690678684041,
,-0.0219278035,0.202713077247608,-0.0480766054242849,
,-0.021876600225,0.208069861488184,-0.0450615303125232,
,-0.02182539695,0.213838706054958,-0.0420464552007616,
,-0.021774193675,0.219195490295533,-0.0420464552007616,
,-0.0217229904,0.224552274536109,-0.0420464552007616,
,-0.021671787125,0.229909058776684,-0.037523842533119,
,-0.02162058385,0.235677903343458,-0.0314936923095956,
,-0.021569380575,0.241034687584033,-0.0390313800889999,
,-0.0215181773,0.245979411498411,-0.0299861547537148,
,-0.021466974025,0.251336195738986,-0.0254635420860723,
,-0.02141577075,0.256692979979562,-0.028478617197834,
,-0.021364567475,0.261637703893939,-0.0239560045301914,
,-0.0213133642,0.266582427808316,-0.0269710796419531,
,-0.021262160925,0.271527151722694,-0.0269710796419531,
,-0.02121095765,0.276471875637071,-0.0224484669743106,
,-0.021159754375,0.281828659877647,-0.0239560045301914,
,-0.0211085511,0.286773383792024,-0.0209409294184297,
,-0.021057347825,0.291718107706402,-0.017925854306668,
,-0.02100614455,0.296662831620779,-0.0194333918625489,
,-0.020954941275,0.301607555535156,-0.0134032416390255,
,-0.020903738,0.306552279449534,-0.0134032416390255,
,-0.020852534725,0.311497003363911,-0.0149107791949064,
,-0.02080133145,0.31602966695209,-0.0118957040831447,
,-0.020750128175,0.320974390866468,-0.0103881665272638,
,-0.0206989249,0.326331175107043,-0.00888062897138298,
,-0.020647721625,0.331275899021421,-0.00586555385962129,
,-0.02059651835,0.3358085626096,-0.00435801630374044,
,-0.020545315075,0.340753286523977,0.00317967147566378,
,-0.0204941118,0.345698010438355,0.00317967147566378,
,-0.020442908525,0.350642734352732,0.00468720903154463,
,-0.02039170525,0.355175397940911,0.00920982169918716,
,-0.020340501975,0.360120121855289,0.0137324343668297,
,-0.0202892987,0.364652785443468,0.0137324343668297,
,-0.020238095425,0.368773388705449,0.0212701221462339,
,-0.02018689215,0.373306052293628,0.030315347481519,
,-0.020135688875,0.37742665555561,0.0348379601491615,
,-0.0200844856,0.381547258817591,0.0423756479285657,
,-0.020033282325,0.385255801753374,0.0484057981520891,
,-0.01998207905,0.388964344689157,0.0544359483756125,
,-0.019930875775,0.39267288762494,0.0634811737108976,
,-0.0198796725,0.395969370234525,0.0755414741579443,
,-0.019828469225,0.399677913170308,0.0860942370491102,
,-0.01977726595,0.402974395779893,0.098154537496157,
,-0.019726062675,0.40585881806328,0.117752525722608,
,-0.0196748594,0.408743240346666,0.134335438837297,
,-0.019623656125,0.411627662630053,0.155440964619629,
,-0.01957245285,0.414100024587242,0.182576640625484,
,-0.019521249575,0.416572386544431,0.206697241519578,
,-0.0194700463,0.418632688175421,0.238355530193076,
,-0.019418843025,0.420692989806412,0.273028893978335,
,-0.01936763975,0.422341231111204,0.319762558210641,
,-0.019316436475,0.424401532742195,0.369511297554709,
,-0.0192652332,0.425637713720789,0.437350487569347,
,-0.019214029925,0.427285955025582,0.511219827807508,
,-0.01916282665,0.428522136004176,0.595641930936836,
,-0.019111623375,0.42975831698277,0.701169559848495,
,-0.0190604201,0.430994497961365,0.826295176986605,
,-0.019009216825,0.431818618613761,0.955943406792358,
,-0.01895801355,0.432642739266157,1.09162178682163,
,-0.018906810275,0.433054799592355,1.22277755418327,
,-0.018855607,0.433054799592355,1.34338055865373,
,-0.018804403725,0.433466859918553,1.45493833778892,
,-0.01875320045,0.433054799592355,1.55142074136529,
,-0.018701997175,0.433054799592355,1.62679761915933,
,-0.0186507939,0.432642739266157,1.67202374583576,
,-0.018599590625,0.432230678939959,1.68709912139457,
,-0.01854838735,0.431406558287563,1.6765463585034,
,-0.018497184075,0.430582437635167,1.64187299471814,
,-0.0184459808,0.429346256656572,1.58458656759467,
,-0.018394777525,0.428110075677978,1.51976245269179,
,-0.01834357425,0.426873894699384,1.44287803734187,
,-0.018292370975,0.425225653394591,1.36750115954783,
,-0.0182411677,0.4231653517636,1.28609413153026,
,-0.018189964425,0.421517110458808,1.20317956595682,
,-0.01813876115,0.419456808827817,1.11272731260397,
,-0.018087557875,0.417396507196827,1.02076752169523,
,-0.0180363546,0.415336205565836,0.919762505451217,
,-0.017985151325,0.413275903934846,0.814234876539558,
,-0.01793394805,0.411215602303855,0.707199710072018,
,-0.017882744775,0.408743240346666,0.600164543604478,
,-0.0178315415,0.406682938715676,0.487099226913415,
,-0.017780338225,0.404210576758487,0.374033910222352,
,-0.01772913495,0.401738214801298,0.262476131087169,
,-0.017677931675,0.400089973496506,0.158456039731391,
,-0.0176267284,0.397617611539317,0.058958561043255,
,-0.017575525125,0.395557309908327,-0.037523842533119,
,-0.01752432185,0.393084947951138,-0.126468558330089,
,-0.017473118575,0.391024646320147,-0.21692081168294,
,-0.0174219153,0.388552284362959,-0.290790151921101,
,-0.017370712025,0.38607992240577,-0.36013687949162,
,-0.01731950875,0.384019620774779,-0.417423306615092,
,-0.017268305475,0.381547258817591,-0.468679583515041,
,-0.0172171022,0.379074896860402,-0.518428322859108,
,-0.017165898925,0.376602534903213,-0.562146911979653,
,-0.01711469565,0.374542233272223,-0.595312738209032,
,-0.017063492375,0.372069871315034,-0.623955951770768,
,-0.0170122891,0.370009569684044,-0.64656901510898,
,-0.016961085825,0.367537207726855,-0.66315192822367,
,-0.01690988255,0.365476906095864,-0.676719766226597,
,-0.016858679275,0.363004544138676,-0.687272529117763,
,-0.016807476,0.360532182181487,-0.693302679341286,
,-0.016756272725,0.358059820224298,-0.693302679341286,
,-0.01670506945,0.355587458267109,-0.69933282956481,
,-0.016653866175,0.353527156636119,-0.696317754453048,
,-0.0166026629,0.35105479467893,-0.691795141785406,
,-0.016551459625,0.348582432721742,-0.688780066673644,
,-0.01650025635,0.346110070764553,-0.684257454006001,
,-0.016449053075,0.343637708807364,-0.679734841338359,
,-0.0163978498,0.340753286523977,-0.673704691114835,
,-0.016346646525,0.338280924566789,-0.669182078447193,
,-0.01629544325,0.335396502283402,-0.660136853111908,
,-0.016244239975,0.332512080000015,-0.655614240444265,
,-0.0161930367,0.32921559739043,-0.654106702888384,
,-0.016141833425,0.325919114780845,-0.64656901510898,
,-0.01609063015,0.322210571845062,-0.642046402441338,
,-0.016039426875,0.318502028909279,-0.634508714661933,
,-0.0159882236,0.314381425647298,-0.626971026882529,
,-0.015937020325,0.310260822385317,-0.614910726435483,
,-0.01588581705,0.305728158797137,-0.607373038656078,
,-0.015834613775,0.30078343488276,-0.593805200653151,
,-0.0157834105,0.295838710968383,-0.580237362650223,
,-0.015732207225,0.290481926727807,-0.568177062203176,
,-0.01568100395,0.285125142487232,-0.550086611532606,
,-0.015629800675,0.279356297920458,-0.522950935526751,
,-0.0155785974,0.273999513679883,-0.509383097523823,
,-0.015527394125,0.268230669113109,-0.492800184409134,
,-0.01547619085,0.262461824546335,-0.474709733738564,
,-0.015424987575,0.256280919653364,-0.458126820623875,
,-0.0153737843,0.25051207508659,-0.443051445065066,
,-0.015322581025,0.24391910986742,-0.426468531950377,
,-0.01527137775,0.237738204974448,-0.409885618835688,
,-0.015220174475,0.231145239755278,-0.400840393500403,
,-0.0151689712,0.224552274536109,-0.375212255050428,
,-0.015117767925,0.217959309316939,-0.366167029715143,
,-0.01506656465,0.210954283771571,-0.349584116600454,
,-0.015015361375,0.203949258226203,-0.337523816153407,
,-0.0149641581,0.196532172354637,-0.322448440594599,
,-0.014912954825,0.189115086483071,-0.310388140147552,
,-0.01486175155,0.181285940285306,-0.299835377256386,
,-0.014810548275,0.17386885441374,-0.284760001697578,
,-0.014759345,0.166039708215976,-0.27119216369465,
,-0.014708141725,0.158210562018212,-0.256116788135841,
,-0.01465693845,0.150381415820448,-0.248579100356437,
,-0.014605735175,0.142552269622684,-0.233503724797629,
,-0.0145545319,0.134311063098721,-0.228981112129986,
,-0.014503328625,0.126481916900957,-0.219935886794701,
,-0.01445212535,0.118652770703193,-0.210890661459416,
,-0.014400922075,0.110823624505429,-0.20033789856825,
,-0.0143497188,0.102994478307664,-0.189785135677084,
,-0.014298515525,0.0951653321099002,-0.180739910341799,
,-0.01424731225,0.0869241255859379,-0.174709760118276,
,-0.014196108975,0.0795070397143718,-0.168679609894753,
,-0.0141449057,0.0720899538428057,-0.159634384559467,
,-0.014093702425,0.0646728679712396,-0.156619309447706,
,-0.01404249915,0.0572557820996735,-0.149081621668302,
,-0.013991295875,0.0498386962281074,-0.143051471444778,
,-0.0139400926,0.0428336706827395,-0.135513783665374,
,-0.013888889325,0.0354165848111734,-0.135513783665374,
,-0.01383768605,0.0284115592658054,-0.124961020774208,
,-0.013786482775,0.0214065337204374,-0.118930870550685,
,-0.0137352795,0.0148135685012676,-0.114408257883042,
,-0.013684076225,0.00780854295589961,-0.108378107659519,
,-0.01363287295,0.00080351741053164,-0.105363032547757,
,-0.013581669675,-0.00578944780863822,-0.100840419880114,
,-0.0135304664,-0.0123824130278081,-0.0978253447683528,
,-0.013479263125,-0.0189753782469779,-0.0917951945448294,
,-0.01342805985,-0.0255683434661478,-0.0902876569889486,
,-0.013376856575,-0.0321613086853176,-0.0842575067654252,
,-0.0133256533,-0.0387542739044875,-0.0812424316536635,
,-0.013274450025,-0.0453472391236573,-0.0752122814301401,
,-0.01322324675,-0.0523522646690253,-0.0737047438742593,
,-0.013172043475,-0.0589452298881952,-0.0691821312066168,
,-0.0131208402,-0.065538195107365,-0.0676745936507359,
,-0.013069636925,-0.0721311603265349,-0.0646595185389742,
,-0.01301843365,-0.0787241255457047,-0.0601369058713317,
,-0.012967230375,-0.0853170907648746,-0.0586293683154508,
,-0.0129160271,-0.0919100559840444,-0.0616444434272125,
,-0.012864823825,-0.0980909608770162,-0.0541067556478083,
,-0.01281362055,-0.104683926096186,-0.0556142932036892,
,-0.012762417275,-0.111276891315356,-0.0480766054242849,
,-0.012711214,-0.117457796208328,-0.0480766054242849,
,-0.012660010725,-0.124050761427497,-0.0450615303125232,
,-0.01260880745,-0.129819605994271,-0.0435539927566424,
,-0.012557604175,-0.136000510887243,-0.0390313800889999,
,-0.0125064009,-0.142593476106413,-0.0420464552007616,
,-0.012455197625,-0.148362320673186,-0.0345087674213573,
,-0.01240399435,-0.154543225566158,-0.0390313800889999,
,-0.012352791075,-0.16072413045913,-0.0314936923095956,
,-0.0123015878,-0.166492975025903,-0.0299861547537148,
,-0.012250384525,-0.172673879918875,-0.028478617197834,
,-0.01219918125,-0.178442724485649,-0.028478617197834,
,-0.012147977975,-0.184211569052422,-0.0299861547537148,
,-0.0120967747,-0.190392473945394,-0.0254635420860723,
,-0.012045571425,-0.19574925818597,-0.0239560045301914,
,-0.01199436815,-0.201518102752743,-0.0254635420860723,
,-0.011943164875,-0.207286947319517,-0.0209409294184297,
,-0.0118919616,-0.212643731560092,-0.0209409294184297,
,-0.011840758325,-0.218000515800668,-0.017925854306668,
,-0.01178955505,-0.223769360367442,-0.017925854306668,
,-0.011738351775,-0.229126144608017,-0.0164183167507872,
,-0.0116871485,-0.234482928848593,-0.0149107791949064,
,-0.011635945225,-0.239839713089168,-0.0103881665272638,
,-0.01158474195,-0.245196497329744,-0.0103881665272638,
,-0.011533538675,-0.250553281570319,-0.00888062897138298,
,-0.0114823354,-0.255910065810895,-0.0103881665272638,
,-0.011431132125,-0.260854789725272,-0.00737309141550213,
,-0.01137992885,-0.265799513639649,-0.00737309141550213,
,-0.011328725575,-0.270744237554027,-0.00435801630374044,
,-0.0112775223,-0.275688961468404,-0.00435801630374044,
,-0.011226319025,-0.280633685382782,-0.00435801630374044,
,-0.01117511575,-0.285578409297159,-0.00586555385962129,
,-0.011123912475,-0.290935193537734,-0.00134294119197875,
,-0.0110727092,-0.295879917452112,0.000164596363902092,
,-0.011021505925,-0.300824641366489,-0.00134294119197875,
,-0.01097030265,-0.305769365280867,0.00317967147566378,
,-0.010919099375,-0.310714089195244,0.00619474658742547,
,-0.0108678961,-0.315658813109621,0.00619474658742547,
,-0.010816692825,-0.320191476697801,0.00619474658742547,
,-0.01076548955,-0.325136200612178,0.00770228414330631,
,-0.010714286275,-0.330080924526555,0.010717359255068,
,-0.010663083,-0.335025648440933,0.0122248968109488,
,-0.010611879725,-0.33997037235531,0.0137324343668297,
,-0.01056067645,-0.34450303594349,0.0137324343668297,
,-0.010509473175,-0.349447759857867,0.0197625845903531,
,-0.0104582699,-0.353980423446046,0.0212701221462339,
,-0.010407066625,-0.358925147360424,0.0227776597021148,
,-0.01035586335,-0.363869871274801,0.030315347481519,
,-0.010304660075,-0.36840253486298,0.030315347481519,
,-0.0102534568,-0.37293519845116,0.0378530352609232,
,-0.010202253525,-0.377055801713141,0.0393605728168041,
,-0.01015105025,-0.381176404975122,0.0468982605962083,
,-0.010099846975,-0.385297008237103,0.0559434859314933,
,-0.0100486437,-0.389417611499084,0.0619736361550167,
,-0.009997440425,-0.393126154434867,0.0695113239344209,
,-0.00994623715,-0.39683469737065,0.078556549269706,
,-0.009895033875,-0.400131179980235,0.0860942370491102,
,-0.0098438306,-0.40342766258982,0.0951394623843953,
,-0.009792627325,-0.406724145199405,0.110214837943204,
,-0.00974142405,-0.41002062780899,0.128305288613774,
,-0.009690220775,-0.412905050092377,0.143380664172582,
,-0.0096390175,-0.415789472375764,0.165993727510795,
,-0.009587814225,-0.41867389465915,0.190114328404889,
,-0.00953661095,-0.421558316942537,0.221772617078386,
,-0.009485407675,-0.423618618573528,0.247400755528361,
,-0.0094342044,-0.425678920204518,0.286596731981263,
,-0.009383001125,-0.427327161509311,0.328807783545926,
,-0.00933179785,-0.429387463140301,0.381571598001756,
,-0.009280594575,-0.430623644118896,0.444888175348751,
,-0.0092293913,-0.432271885423688,0.518757515586913,
,-0.009178188025,-0.433508066402283,0.609209768939763,
,-0.00912698475,-0.434744247380877,0.713229860295542,
,-0.009075781475,-0.435980428359471,0.83534040232189,
,-0.0090245782,-0.437216609338066,0.969511244795285,
,-0.008973374925,-0.437628669664264,1.11724992527161,
,-0.00892217165,-0.438040729990462,1.25594338041265,
,-0.008870968375,-0.43845279031666,1.38257653510664,
,-0.0088197651,-0.43845279031666,1.49865692690946,
,-0.008768561825,-0.43845279031666,1.59664686804172,
,-0.00871735855,-0.43845279031666,1.67503882094752,
,-0.008666155275,-0.438040729990462,1.72328002273571,
,-0.008614952,-0.437628669664264,1.73534032318275,
,-0.008563748725,-0.437216609338066,1.72026494762395,
,-0.00851254545,-0.435980428359471,1.6765463585034,
,-0.008461342175,-0.435156307707075,1.61624485626817,
,-0.0084101389,-0.433920126728481,1.54086797847413,
,-0.008358935625,-0.432683945749886,1.46247602556832,
,-0.00830773235,-0.431035704445094,1.39011422288604,
,-0.008256529075,-0.429387463140301,1.314737345092,
,-0.0082053258,-0.427739221835509,1.23483785463031,
,-0.008154122525,-0.425678920204518,1.15343082661275,
,-0.00810291925,-0.423618618573528,1.06750118592754,
,-0.008051715975,-0.421558316942537,0.97855647013057,
,-0.0080005127,-0.419498015311547,0.879058991442434,
,-0.007949309425,-0.417437713680556,0.779561512754299,
,-0.00789810615,-0.415377412049565,0.67403388384264,
,-0.007846902875,-0.413317110418575,0.565491179819219,
,-0.0077956996,-0.411256808787584,0.450918325572275,
,-0.007744496325,-0.408784446830396,0.343883159104735,
,-0.00769329305,-0.406724145199405,0.236847992637195,
,-0.007642089775,-0.403839722916018,0.131320363725536,
,-0.0075908865,-0.401779421285028,0.030315347481519,
,-0.007539683225,-0.399719119654037,-0.0691821312066168,
,-0.00748847995,-0.397246757696848,-0.16415699722711,
,-0.007437276675,-0.395186456065858,-0.250086637912318,
,-0.0073860734,-0.392714094108669,-0.329986128374003,
,-0.007334870125,-0.390653792477679,-0.399332855944522,
,-0.00728366685,-0.38818143052049,-0.458126820623875,
,-0.007232463575,-0.386121128889499,-0.513905710191466,
,-0.0071812603,-0.383648766932311,-0.563654449535534,
,-0.007130057025,-0.381176404975122,-0.607373038656078,
,-0.00707885375,-0.378704043017933,-0.637523789773695,
,-0.007027650475,-0.376643741386943,-0.66315192822367,
,-0.0069764472,-0.374171379429754,-0.688780066673644,
,-0.006925243925,-0.371699017472565,-0.703855442232452,
,-0.00687404065,-0.369638715841575,-0.720438355347142,
,-0.006822837375,-0.367166353884386,-0.724960968014784,
,-0.0067716341,-0.364693991927197,-0.729483580682427,
,-0.006720430825,-0.362633690296207,-0.737021268461831,
,-0.00666922755,-0.360161328339018,-0.737021268461831,
,-0.006618024275,-0.357276906055631,-0.737021268461831,
,-0.006566821,-0.355216604424641,-0.737021268461831,
,-0.006515617725,-0.352744242467452,-0.729483580682427,
,-0.00646441445,-0.350271880510263,-0.724960968014784,
,-0.006413211175,-0.347387458226876,-0.715915742679499,
,-0.0063620079,-0.344915096269688,-0.709885592455976,
,-0.006310804625,-0.342030673986301,-0.708378054900095,
,-0.00625960135,-0.339146251702914,-0.706870517344214,
,-0.006208398075,-0.335849769093329,-0.697825292008929,
,-0.0061571948,-0.332553286483744,-0.690287604229525,
,-0.006105991525,-0.329256803874159,-0.687272529117763,
,-0.00605478825,-0.325548260938376,-0.684257454006001,
,-0.006003584975,-0.321839718002593,-0.672197153558955,
,-0.0059523817,-0.317719114740612,-0.661644390667789,
,-0.005901178425,-0.313186451152433,-0.649584090220742,
,-0.00584997515,-0.308241727238055,-0.642046402441338,
,-0.005798771875,-0.303297003323678,-0.62847856443841,
,-0.0057475686,-0.298352279409301,-0.617925801547244,
,-0.005696365325,-0.292583434842527,-0.599835350876674,
,-0.00564516205,-0.287226650601951,-0.580237362650223,
,-0.005593958775,-0.281457806035178,-0.55762429931201,
,-0.0055427555,-0.276101021794602,-0.53953384864144,
,-0.005491552225,-0.269920116901631,-0.527473548194394,
,-0.00544034895,-0.264151272334857,-0.510890635079704,
,-0.005389145675,-0.258382427768083,-0.488277571741492,
,-0.0053379424,-0.252201522875112,-0.477724808850326,
,-0.005286739125,-0.245608557655942,-0.458126820623875,
,-0.00523553585,-0.23942765276297,-0.440036369953305,
,-0.005184332575,-0.232422627217602,-0.420438381726854,
,-0.0051331293,-0.225829661998432,-0.409885618835688,
,-0.005081926025,-0.218824636453064,-0.391795168165118,
,-0.00503072275,-0.211819610907696,-0.381242405273952,
,-0.004979519475,-0.20440252503613,-0.364659492159262,
,-0.0049283162,-0.196985439164564,-0.349584116600454,
,-0.004877112925,-0.189568353292998,-0.337523816153407,
,-0.00482590965,-0.181739207095234,-0.326971053262241,
,-0.004774706375,-0.173498000571271,-0.310388140147552,
,-0.0047235031,-0.165668854373507,-0.304357989924029,
,-0.004672299825,-0.157427647849545,-0.287775076809339,
,-0.00462109655,-0.149598501651781,-0.278729851474054,
,-0.004569893275,-0.141769355454016,-0.266669551027007,
,-0.00451869,-0.133940209256252,-0.256116788135841,
,-0.004467486725,-0.126111063058488,-0.248579100356437,
,-0.00441628345,-0.118281916860724,-0.238026337465271,
,-0.004365080175,-0.11045277066296,-0.224458499462344,
,-0.0043138769,-0.102623624465195,-0.221443424350582,
,-0.004262673625,-0.0947944782674313,-0.213905736571178,
,-0.00421147035,-0.0869653320696671,-0.204860511235893,
,-0.004160267075,-0.079548246198101,-0.194307748344727,
,-0.0041090638,-0.0721311603265349,-0.191292673232965,
,-0.004057860525,-0.0647140744549688,-0.18224744789768,
,-0.00400665725,-0.0572969885834027,-0.174709760118276,
,-0.003955453975,-0.0498799027118366,-0.171694685006514,
,-0.0039042507,-0.0428748771664687,-0.165664534782991,
,-0.003853047425,-0.0358698516211007,-0.158126847003587,
,-0.00380184415,-0.0288648260757327,-0.152096696780063,
,-0.003750640875,-0.0222718608565629,-0.144559009000659,
,-0.0036994376,-0.015678895637393,-0.138528858777136,
,-0.003648234325,-0.00867387009202503,-0.135513783665374,
,-0.00359703105,-0.00208090487285517,-0.130991170997731,
,-0.003545827775,0.00451206034631468,-0.124961020774208,
,-0.0034946245,0.0115170858916827,-0.124961020774208,
,-0.003443421225,0.0181100511108525,-0.117423332994804,
,-0.00339221795,0.0251150766562205,-0.112900720327161,
,-0.003341014675,0.0317080418753903,-0.1098856452154,
,-0.0032898114,0.0383010070945602,-0.103855494991876,
,-0.003238608125,0.0453060326399282,-0.105363032547757,
,-0.00318740485,0.051898997859098,-0.096317807212472,
,-0.003136201575,0.0584919630782679,-0.0948102696565911,
,-0.0030849983,0.0650849282974377,-0.0948102696565911,
,-0.003033795025,0.0716778935166076,-0.0857650443213061,
,-0.00298259175,0.0782708587357774,-0.0857650443213061,
,-0.002931388475,0.0844517636287492,-0.0857650443213061,
,-0.0028801852,0.091044728847919,-0.0857650443213061,
,-0.002828981925,0.0976376940670889,-0.0782273565419018,
,-0.00277777865,0.103818598960061,-0.0752122814301401,
,-0.002726575375,0.109999503853032,-0.0737047438742593,
,-0.0026753721,0.116592469072202,-0.0676745936507359,
,-0.002624168825,0.122773373965174,-0.0676745936507359,
,-0.00257296555,0.128954278858146,-0.0631519809830934,
,-0.002521762275,0.135135183751117,-0.0646595185389742,
,-0.002470559,0.141316088644089,-0.0616444434272125,
,-0.002419355725,0.147496993537061,-0.0586293683154508,
,-0.00236815245,0.153265838103835,-0.05712183075957,
,-0.002316949175,0.159446742996806,-0.0601369058713317,
,-0.0022657459,0.16521558756358,-0.05712183075957,
,-0.002214542625,0.170984432130354,-0.0525992180919275,
,-0.00216333935,0.176753276697127,-0.0495841429801658,
,-0.002112136075,0.182522121263901,-0.0495841429801658,
,-0.0020609328,0.188290965830674,-0.0510916805360466,
,-0.002009729525,0.194059810397448,-0.0495841429801658,
,-0.00195852625,0.199828654964222,-0.0450615303125232,
,-0.001907322975,0.205185439204797,-0.0480766054242849,
,-0.0018561197,0.210954283771571,-0.0420464552007616,
,-0.001804916425,0.216311068012146,-0.0405389176448807,
,-0.00175371315,0.221667852252722,-0.0405389176448807,
,-0.001702509875,0.227436696819495,-0.0390313800889999,
,-0.0016513066,0.232381420733873,-0.0330012298654765,
,-0.001600103325,0.238150265300646,-0.0330012298654765,
,-0.00154890005,0.243507049541222,-0.0299861547537148,
,-0.001497696775,0.248451773455599,-0.0314936923095956,
,-0.0014464935,0.253808557696175,-0.0314936923095956,
,-0.001395290225,0.25916534193675,-0.0299861547537148,
,-0.00134408695,0.264110065851128,-0.0299861547537148,
,-0.001292883675,0.269054789765505,-0.0269710796419531,
,-0.0012416804,0.273999513679883,-0.0224484669743106,
,-0.001190477125,0.27894423759426,-0.0194333918625489,
,-0.00113927385,0.283888961508637,-0.0224484669743106,
,-0.001088070575,0.289245745749213,-0.0209409294184297,
,-0.0010368673,0.293778409337392,-0.0164183167507872,
,-0.000985664024999999,0.298723133251769,-0.017925854306668,
,-0.000934460750000001,0.304079917492345,-0.0164183167507872,
,-0.000883257475,0.309024641406722,-0.0149107791949064,
,-0.000832054200000001,0.313557304994902,-0.0118957040831447,
,-0.000780850925,0.318089968583081,-0.0103881665272638,
,-0.000729647649999998,0.323446752823656,-0.00737309141550213,
,-0.000678444375,0.328391476738034,-0.00435801630374044,
,-0.000627241099999998,0.333336200652411,0.000164596363902092,
,-0.000576037825,0.338280924566789,0.00317967147566378,
,-0.000524834549999999,0.343225648481166,0.00619474658742547,
,-0.000473631275000001,0.348170372395543,0.00619474658742547,
,-0.000422427999999999,0.352703035983723,0.00770228414330631,
,-0.000371224725000001,0.357235699571902,0.0137324343668297,
,-0.000320021449999999,0.362180423486279,0.0152399719227105,
,-0.000268818175000001,0.366713087074459,0.0167475094785914,
,-0.0002176149,0.37083369033644,0.0212701221462339,
,-0.000166411625000001,0.374954293598421,0.030315347481519,
,-0.00011520835,0.379074896860402,0.0393605728168041,
,-6.40050749999982E-05,0.383195500122383,0.0438831854844466,
,-1.28018000000001E-05,0.387316103384364,0.0514208732638508,
,3.84014750000015E-05,0.391024646320147,0.0604660985991359,
,8.96047499999997E-05,0.394321128929732,0.0710188614903018,
,0.000140808025000001,0.397617611539317,0.0770490117138252,
,0.000192011299999999,0.400914094148902,0.0951394623843953,
,0.000243214575000001,0.404210576758487,0.1026771501638,
,0.000294417849999999,0.407507059368072,0.122275138390251,
,0.000345621125000001,0.410391481651459,0.144888201728463,
,0.000396824399999999,0.412863843608648,0.167501265066676,
,0.000448027675,0.415336205565836,0.194636941072531,
,0.000499230949999999,0.417396507196827,0.221772617078386,
,0.000550434225,0.419456808827817,0.251923368196003,
,0.000601637500000002,0.421517110458808,0.294134419760667,
,0.000652840775,0.4231653517636,0.340868083992973,
,0.000704044050000002,0.424813593068393,0.401169586228207,
,0.000755247325,0.426461834373185,0.467501238686964,
,0.000806450600000001,0.428110075677978,0.55041580426041,
,0.000857653874999999,0.429346256656572,0.642375595169142,
,0.000908857150000001,0.430170377308968,0.755440911860205,
,0.000960060424999999,0.431406558287563,0.882074066554196,
,0.0010112637,0.432230678939959,1.01322983391583,
,0.001062466975,0.432642739266157,1.14890821394511,
,0.00111367025,0.433054799592355,1.2755413686391,
,0.001164873525,0.433054799592355,1.3931292979978,
,0.0012160768,0.433054799592355,1.49413431424182,
,0.001267280075,0.433054799592355,1.58307903003879,
,0.00131848335,0.433054799592355,1.64941068249755,
,0.001369686625,0.432642739266157,1.68106897117104,
,0.0014208899,0.431818618613761,1.68709912139457,
,0.001472093175,0.430994497961365,1.66297852050047,
,0.00152329645,0.430170377308968,1.61624485626817,
,0.001574499725,0.428934196330374,1.5589584291447,
,0.001625703,0.42769801535178,1.48659662646241,
,0.001676906275,0.426049774046987,1.40971221111249,
,0.00172810955,0.424401532742195,1.33132025820669,
,0.001779312825,0.422341231111204,1.24991323018912,
,0.0018305161,0.420280929480214,1.16247605194803,
,0.001881719375,0.418632688175421,1.07353133615106,
,0.00193292265,0.416160326218233,0.975541395018809,
,0.001984125925,0.414100024587242,0.874536378774792,
,0.0020353292,0.412039722956251,0.765993674751371,
,0.002086532475,0.409979421325261,0.655943433172069,
,0.00213773575,0.407507059368072,0.542878116481006,
,0.002188939025,0.405446757737082,0.429812799789943,
,0.0022401423,0.402974395779893,0.31825502065476,
,0.002291345575,0.400914094148902,0.215742466854863,
,0.00234254885,0.398853792517912,0.113229913054965,
,0.002393752125,0.396793490886921,0.010717359255068,
,0.0024449554,0.394321128929732,-0.0812424316536635,
,0.002496158675,0.391848766972544,-0.168679609894753,
,0.00254736195,0.389788465341553,-0.25310171302408,
,0.002598565225,0.387316103384364,-0.328478590818122,
,0.0026497685,0.385255801753374,-0.387272555497475,
,0.002700971775,0.382783439796185,-0.446066520176828,
,0.00275217505,0.380311077838996,-0.495815259520896,
,0.002803378325,0.377838715881808,-0.53953384864144,
,0.0028545816,0.375366353924619,-0.578729825094342,
,0.002905784875,0.373306052293628,-0.608880576211959,
,0.00295698815,0.371245750662638,-0.633001177106053,
,0.003008191425,0.368773388705449,-0.654106702888384,
,0.0030593947,0.36630102674826,-0.669182078447193,
,0.003110597975,0.36424072511727,-0.682749916450121,
,0.00316180125,0.361768363160081,-0.684257454006001,
,0.003213004525,0.359296001202893,-0.690287604229525,
,0.0032642078,0.356823639245704,-0.691795141785406,
,0.003315411075,0.354763337614713,-0.694810216897167,
,0.00336661435,0.352290975657525,-0.691795141785406,
,0.003417817625,0.349818613700336,-0.687272529117763,
,0.0034690209,0.347346251743147,-0.685764991561882,
,0.003520224175,0.344873889785958,-0.68124237889424,
,0.00357142745,0.34240152782877,-0.673704691114835,
,0.003622630725,0.339517105545383,-0.667674540891312,
,0.003673834,0.336632683261996,-0.66465946577955,
,0.003725037275,0.334160321304807,-0.661644390667789,
,0.00377624055,0.330863838695223,-0.652599165332504,
,0.003827443825,0.327567356085638,-0.645061477553099,
,0.0038786471,0.324270873476053,-0.639031327329576,
,0.003929850375,0.32056233054027,-0.639031327329576,
,0.00398105365,0.316441727278288,-0.631493639550172,
,0.004032256925,0.312733184342505,-0.619433339103125,
,0.0040834602,0.308612581080524,-0.608880576211959,
,0.004134663475,0.303667857166147,-0.602850425988436,
,0.00418586675,0.298723133251769,-0.586267512873746,
,0.004237070025,0.293366349011194,-0.577222287538461,
,0.0042882733,0.288009564770618,-0.554609224200249,
,0.004339476575,0.282652780530043,-0.538026311085559,
,0.00439067985,0.276883935963269,-0.518428322859108,
,0.004441883125,0.271115091396496,-0.498830334632657,
,0.0044930864,0.265346246829722,-0.483754959073849,
,0.004544289675,0.259577402262948,-0.46717204595916,
,0.00459549295,0.253808557696175,-0.44908159528859,
,0.004646696225,0.247627652803203,-0.435513757285662,
,0.0046978995,0.241034687584033,-0.417423306615092,
,0.004749102775,0.234441722364863,-0.400840393500403,
,0.00480030605,0.228260817471892,-0.387272555497475,
,0.004851509325,0.221255791926524,-0.375212255050428,
,0.0049027126,0.214662826707354,-0.358629341935739,
,0.004953915875,0.207657801161986,-0.34355396637693,
,0.00500511915,0.20024071529042,-0.326971053262241,
,0.005056322425,0.193235689745052,-0.314910752815194,
,0.0051075257,0.185406543547288,-0.304357989924029,
,0.005158728975,0.177989457675721,-0.295312764588743,
,0.00520993225,0.170160311477957,-0.277222313918173,
,0.005261135525,0.162331165280193,-0.268177088582888,
,0.0053123388,0.154502019082429,-0.25310171302408,
,0.005363542075,0.146672872884665,-0.242548950132914,
,0.00541474535,0.138431666360702,-0.230488649685867,
,0.005465948625,0.130602520162938,-0.221443424350582,
,0.0055171519,0.122773373965174,-0.210890661459416,
,0.005568355175,0.11494422776741,-0.204860511235893,
,0.00561955845,0.107115081569646,-0.197322823456489,
,0.005670761725,0.0992859353718814,-0.188277598121203,
,0.005721965,0.091044728847919,-0.180739910341799,
,0.005773168275,0.0836276429763529,-0.173202222562395,
,0.00582437155,0.0762105571047869,-0.162649459671229,
,0.005875574825,0.0683814109070227,-0.156619309447706,
,0.0059267781,0.0609643250354566,-0.152096696780063,
,0.005977981375,0.0539592994900886,-0.144559009000659,
,0.00602918465,0.0465422136185225,-0.140036396333016,
,0.006080387925,0.0391251277469564,-0.132498708553612,
,0.0061315912,0.0321201022015885,-0.129483633441851,
,0.006182794475,0.0251150766562205,-0.120438408106565,
,0.00623399775,0.0181100511108525,-0.117423332994804,
,0.006285201025,0.0115170858916827,-0.11139318277128,
,0.0063364043,0.00451206034631468,-0.100840419880114,
,0.006387607575,-0.00249296519905329,-0.100840419880114,
,0.00643881085,-0.00908593041822314,-0.096317807212472,
,0.006490014125,-0.015678895637393,-0.0917951945448294,
,0.0065412174,-0.0222718608565629,-0.0887801194330677,
,0.006592420675,-0.0288648260757327,-0.0857650443213061,
,0.00664362395,-0.0350457309687044,-0.0827499692095444,
,0.006694827225,-0.0420507565140724,-0.0827499692095444,
,0.0067460305,-0.0486437217332423,-0.0782273565419018,
,0.006797233775,-0.0556487472786102,-0.0706896687624976,
,0.00684843705,-0.0622417124977801,-0.0706896687624976,
,0.006899640325,-0.06883467771695,-0.0691821312066168,
,0.0069508436,-0.0754276429361198,-0.0631519809830934,
,0.007002046875,-0.0820206081552897,-0.0616444434272125,
,0.00705325015,-0.0882015130482614,-0.0586293683154508,
,0.007104453425,-0.0947944782674313,-0.05712183075957,
,0.0071556567,-0.101387443486601,-0.0556142932036892,
,0.007206859975,-0.107980408705771,-0.0541067556478083,
,0.00725806325,-0.114161313598743,-0.0525992180919275,
,0.007309266525,-0.120754278817913,-0.0465690678684041,
,0.0073604698,-0.126935183710884,-0.0465690678684041,
,0.007411673075,-0.133116088603856,-0.0495841429801658,
,0.00746287635,-0.139296993496828,-0.0420464552007616,
,0.007514079625,-0.1454778983898,-0.0390313800889999,
,0.0075652829,-0.151246742956573,-0.037523842533119,
,0.007616486175,-0.157427647849545,-0.037523842533119,
,0.00766768945,-0.163608552742517,-0.028478617197834,
,0.007718892725,-0.16937739730929,-0.0299861547537148,
,0.007770096,-0.175558302202262,-0.0314936923095956,
,0.007821299275,-0.181327146769036,-0.0314936923095956,
,0.00787250255,-0.187095991335809,-0.028478617197834,
,0.007923705825,-0.192864835902583,-0.0269710796419531,
,0.0079749091,-0.198633680469356,-0.0239560045301914,
,0.008026112375,-0.203990464709932,-0.0224484669743106,
,0.00807731565,-0.209759309276706,-0.0194333918625489,
,0.008128518925,-0.215116093517281,-0.0149107791949064,
,0.0081797222,-0.220884938084055,-0.0194333918625489,
,0.008230925475,-0.22624172232463,-0.0164183167507872,
,0.00828212875,-0.231598506565206,-0.0134032416390255,
,0.008333332025,-0.237367351131979,-0.0164183167507872,
,0.0083845353,-0.242724135372555,-0.0118957040831447,
,0.008435738575,-0.247668859286932,-0.0118957040831447,
,0.00848694185,-0.253025643527508,-0.00737309141550213,
,0.008538145125,-0.258382427768083,-0.00737309141550213,
,0.0085893484,-0.263327151682461,-0.00737309141550213,
,0.008640551675,-0.268271875596838,-0.00737309141550213,
,0.00869175495,-0.273216599511215,-0.0028504787478596,
,0.008742958225,-0.278161323425593,-0.00134294119197875,
,0.0087941615,-0.28310604733997,0.000164596363902092,
,0.008845364775,-0.288050771254348,0.00167213391978294,
,0.00889656805,-0.292995495168725,-0.00134294119197875,
,0.008947771325,-0.298352279409301,0.00167213391978294,
,0.0089989746,-0.303297003323678,0.00468720903154463,
,0.009050177875,-0.308241727238055,0.00619474658742547,
,0.00910138115,-0.312774390826235,0.00619474658742547,
,0.009152584425,-0.317719114740612,0.00619474658742547,
,0.0092037877,-0.322663838654989,0.00920982169918716,
,0.009254990975,-0.327608562569367,0.00770228414330631,
,0.00930619425,-0.332141226157546,0.0137324343668297,
,0.009357397525,-0.337085950071923,0.0152399719227105,
,0.0094086008,-0.342030673986301,0.0182550470344722,
,0.009459804075,-0.346975397900678,0.0182550470344722,
,0.00951100735,-0.351508061488857,0.0212701221462339,
,0.009562210625,-0.356452785403235,0.0257927348138765,
,0.0096134139,-0.361397509317612,0.0288078099256381,
,0.009664617175,-0.365930172905792,0.0333304225932807,
,0.00971582045,-0.370462836493971,0.0393605728168041,
,0.009767023725,-0.37499550008215,0.0408681103726849,
,0.009818227,-0.379116103344131,0.0484057981520891,
,0.009869430275,-0.383236706606112,0.0514208732638508,
,0.00992063355,-0.387357309868094,0.0559434859314933,
,0.009971836825,-0.391065852803877,0.0634811737108976,
,0.0100230401,-0.39477439573966,0.0725263990461826,
,0.010074243375,-0.398482938675443,0.0845866994932294,
,0.01012544665,-0.401779421285028,0.0951394623843953,
,0.010176649925,-0.405075903894613,0.1026771501638,
,0.0102278532,-0.408372386504197,0.116244988166727,
,0.010279056475,-0.411256808787584,0.131320363725536,
,0.01033025975,-0.414553291397169,0.15694850217551,
,0.010381463025,-0.417437713680556,0.17503895284608,
,0.0104326663,-0.419910075637745,0.199159553740174,
,0.010483869575,-0.422382437594933,0.22931030485779,
,0.01053507285,-0.424854799552122,0.265491206198931,
,0.010586276125,-0.426503040856915,0.307702257763594,
,0.0106374794,-0.428151282161707,0.35292838444002,
,0.010688682675,-0.4297995234665,0.411722349119373,
,0.01073988595,-0.431447764771292,0.479561539134011,
,0.010791089225,-0.432683945749886,0.557953492039815,
,0.0108422925,-0.434332187054679,0.654435895616189,
,0.010893495775,-0.435568368033273,0.770516287419014,
,0.01094469905,-0.436392488685669,0.900164517224766,
,0.010995902325,-0.437628669664264,1.04338058503345,
,0.0110471056,-0.438040729990462,1.18358157773037,
,0.011098308875,-0.43845279031666,1.32076749531552,
,0.01114951215,-0.43845279031666,1.43986296223011,
,0.011200715425,-0.43845279031666,1.54689812869765,
,0.0112519187,-0.43845279031666,1.63885791960638,
,0.011303121975,-0.43845279031666,1.70066695939749,
,0.01135432525,-0.438040729990462,1.73081771051511,
,0.011405528525,-0.437216609338066,1.73383278562687,
,0.0114567318,-0.436804549011867,1.69915942184161,
,0.011507935075,-0.435568368033273,1.64941068249755,
,0.01155913835,-0.434332187054679,1.58307903003879,
,0.011610341625,-0.433096006076084,1.50619461468887,
,0.0116615449,-0.43185982509749,1.43081773689482,
,0.011712748175,-0.430211583792698,1.35544085910078,
,0.01176395145,-0.428563342487905,1.27704890619498,
,0.011815154725,-0.426503040856915,1.19714941573329,
,0.011866358,-0.424854799552122,1.11574238771573,
,0.011917561275,-0.422794497921132,1.02981274703052,
,0.01196876455,-0.420734196290141,0.933330343454145,
,0.012019967825,-0.41867389465915,0.836847939877771,
,0.0120711711,-0.41661359302816,0.734335386077873,
,0.012122374375,-0.414553291397169,0.625792682054453,
,0.01217357765,-0.412080929439981,0.518757515586913,
,0.012224780925,-0.41002062780899,0.402677123784088,
,0.0122759842,-0.407960326177999,0.297149494872428,
,0.012327187475,-0.405487964220811,0.188606790849008,
,0.01237839075,-0.403015602263622,0.0845866994932294,
,0.012429594025,-0.400543240306433,-0.0164183167507872,
,0.0124807973,-0.398482938675443,-0.114408257883042,
,0.012532000575,-0.396422637044452,-0.204860511235893,
,0.01258320385,-0.393950275087263,-0.292297689476982,
,0.012634407125,-0.391889973456273,-0.363151954603381,
,0.0126856104,-0.389417611499084,-0.426468531950377,
,0.012736813675,-0.387357309868094,-0.48526249662973,
,0.01278801695,-0.384884947910905,-0.53953384864144,
,0.012839220225,-0.382412585953716,-0.584759975317866,
,0.0128904235,-0.379940223996527,-0.620940876659006,
,0.012941626775,-0.377879922365537,-0.652599165332504,
,0.01299283005,-0.375407560408348,-0.676719766226597,
,0.013044033325,-0.37293519845116,-0.696317754453048,
,0.0130952366,-0.370874896820169,-0.711393130011857,
,0.013146439875,-0.36840253486298,-0.723453430458903,
,0.01319764315,-0.36634223323199,-0.732498655794188,
,0.013248846425,-0.363869871274801,-0.734006193350069,
,0.0133000497,-0.361397509317612,-0.73551373090595,
,0.013351252975,-0.358925147360424,-0.734006193350069,
,0.01340245625,-0.356040725077037,-0.73551373090595,
,0.013453659525,-0.353980423446046,-0.732498655794188,
,0.0135048628,-0.351508061488857,-0.723453430458903,
,0.013556066075,-0.348623639205471,-0.720438355347142,
,0.01360726935,-0.346151277248282,-0.714408205123618,
,0.013658472625,-0.343678915291093,-0.709885592455976,
,0.0137096759,-0.340382432681508,-0.705362979788333,
,0.013760879175,-0.337498010398122,-0.69933282956481,
,0.01381208245,-0.334201527788537,-0.697825292008929,
,0.013863285725,-0.330905045178952,-0.688780066673644,
,0.013914489,-0.327608562569367,-0.682749916450121,
,0.013965692275,-0.323900019633584,-0.678227303782478,
,0.01401689555,-0.319779416371603,-0.667674540891312,
,0.014068098825,-0.315246752783423,-0.658629315556027,
,0.0141193021,-0.310714089195244,-0.649584090220742,
,0.014170505375,-0.306181425607065,-0.634508714661933,
,0.01422170865,-0.300824641366489,-0.620940876659006,
,0.014272911925,-0.295467857125914,-0.608880576211959,
,0.0143241152,-0.290111072885338,-0.589282587985508,
,0.014375318475,-0.284754288644763,-0.571192137314938,
,0.01442652175,-0.278985444077989,-0.545563998864964,
,0.014477725025,-0.273216599511215,-0.536518773529679,
,0.0145289283,-0.267447754944442,-0.518428322859108,
,0.014580131575,-0.26126685005147,-0.501845409744419,
,0.01463133485,-0.255498005484696,-0.479232346406206,
,0.014682538125,-0.249317100591725,-0.46717204595916,
,0.0147337414,-0.242724135372555,-0.44908159528859,
,0.014784944675,-0.236131170153385,-0.429483607062139,
,0.01483614795,-0.229538204934215,-0.415915769059211,
,0.014887351225,-0.222533179388847,-0.399332855944522,
,0.0149385545,-0.215528153843479,-0.384257480385713,
,0.014989757775,-0.208111067971913,-0.367674567271024,
,0.01504096105,-0.201106042426545,-0.358629341935739,
,0.015092164325,-0.193276896228781,-0.339031353709288,
,0.0151433676,-0.185859810357215,-0.333001203485765,
,0.015194570875,-0.177618603833253,-0.316418290371075,
,0.01524577415,-0.169789457635488,-0.305865527479909,
,0.015296977425,-0.161548251111526,-0.293805227032863,
,0.0153481807,-0.153719104913762,-0.284760001697578,
,0.015399383975,-0.145889958715998,-0.27119216369465,
,0.01545058725,-0.138060812518233,-0.260639400803484,
,0.015501790525,-0.130231666320469,-0.250086637912318,
,0.0155529938,-0.122402520122705,-0.241041412577033,
,0.015604197075,-0.114573373924941,-0.230488649685867,
,0.01565540035,-0.106744227727177,-0.222950961906463,
,0.015706603625,-0.0989150815294124,-0.21692081168294,
,0.0157578069,-0.0910859353316482,-0.204860511235893,
,0.015809010175,-0.083256789133884,-0.198830361012369,
,0.01586021345,-0.0758397032623179,-0.195815285900608,
,0.015911416725,-0.0684226173907518,-0.186770060565323,
,0.01596262,-0.0610055315191858,-0.180739910341799,
,0.016013823275,-0.0540005059738178,-0.171694685006514,
,0.01606502655,-0.0465834201022517,-0.168679609894753,
,0.016116229825,-0.0395783945568837,-0.165664534782991,
,0.0161674331,-0.0325733690115158,-0.158126847003587,
,0.016218636375,-0.0259804037923459,-0.150589159224182,
,0.01626983965,-0.019387438573176,-0.14606654655654,
,0.016321042925,-0.0123824130278081,-0.138528858777136,
,0.0163722462,-0.00578944780863822,-0.135513783665374,
,0.016423449475,0.00121557773672976,-0.12797609588597,
,0.01647465275,0.00780854295589961,-0.126468558330089,
,0.016525856025,0.0148135685012676,-0.121945945662446,
,0.0165770593,0.0214065337204374,-0.117423332994804,
,0.016628262575,0.0279994989396073,-0.11139318277128,
,0.01667946585,0.0350045244849753,-0.11139318277128,
,0.016730669125,0.0415974897041451,-0.106870570103638,
,0.0167818724,0.0486025152495131,-0.102347957435995,
,0.016833075675,0.0551954804686829,-0.0993328823242337,
,0.01688427895,0.0617884456878528,-0.0933027321007103,
,0.016935482225,0.0683814109070227,-0.0933027321007103,
,0.0169866855,0.0749743761261925,-0.0872725818771869,
,0.017037888775,0.0811552810191642,-0.0887801194330677,
,0.01708909205,0.0877482462383341,-0.0857650443213061,
,0.017140295325,0.094341211457504,-0.0797348940977827,
,0.0171914986,0.100522116350476,-0.0752122814301401,
,0.017242701875,0.106703021243447,-0.0737047438742593,
,0.01729390515,0.113295986462617,-0.0721972063183784,
,0.017345108425,0.119476891355589,-0.0691821312066168,
,0.0173963117,0.125657796248561,-0.0661670560948551,
,0.017447514975,0.131838701141533,-0.0646595185389742,
,0.01749871825,0.138019606034504,-0.0616444434272125,
,0.017549921525,0.144200510927476,-0.0631519809830934,
,0.0176011248,0.150381415820448,-0.0631519809830934,
,0.017652328075,0.156150260387221,-0.0556142932036892,
,0.01770353135,0.162331165280193,-0.0586293683154508,
,0.017754734625,0.168100009846967,-0.0556142932036892,
,0.0178059379,0.17386885441374,-0.0510916805360466,
,0.017857141175,0.179225638654316,-0.0525992180919275,
,0.01790834445,0.185406543547288,-0.0480766054242849,
,0.017959547725,0.191175388114061,-0.0480766054242849,
,0.018010751,0.196944232680835,-0.0465690678684041,
,0.018061954275,0.20230101692141,-0.0465690678684041,
,0.01811315755,0.207657801161986,-0.0465690678684041,
,0.018164360825,0.213426645728759,-0.0465690678684041,
,0.0182155641,0.219195490295533,-0.0405389176448807,
,0.018266767375,0.224552274536109,-0.0390313800889999,
,0.01831797065,0.229909058776684,-0.0405389176448807,
,0.018369173925,0.23526584301726,-0.0360163049772382,
,0.0184203772,0.240622627257835,-0.037523842533119,
,0.018471580475,0.245979411498411,-0.0345087674213573,
,0.01852278375,0.251336195738986,-0.0299861547537148,
,0.018573987025,0.256280919653364,-0.0314936923095956,
,0.0186251903,0.261225643567741,-0.0299861547537148,
,0.018676393575,0.266582427808316,-0.0299861547537148,
,0.01872759685,0.271527151722694,-0.0269710796419531,
,0.018778800125,0.276471875637071,-0.0224484669743106,
,0.0188300034,0.281416599551449,-0.0224484669743106,
,0.018881206675,0.286361323465826,-0.0239560045301914,
,0.01893240995,0.291306047380203,-0.0149107791949064,
,0.018983613225,0.296250771294581,-0.0209409294184297,
,0.0190348165,0.301195495208958,-0.017925854306668,
,0.019086019775,0.306552279449534,-0.0149107791949064,
,0.01913722305,0.311084943037713,-0.0103881665272638,
,0.019188426325,0.315617606625892,-0.00888062897138298,
,0.0192396296,0.32056233054027,-0.0118957040831447,
,0.019290832875,0.325919114780845,-0.00586555385962129,
,0.01934203615,0.330863838695223,-0.0028504787478596,
,0.019393239425,0.3358085626096,-0.00435801630374044,
,0.0194444427,0.340753286523977,-0.0028504787478596,
,0.019495645975,0.345698010438355,0.00619474658742547,
,0.01954684925,0.350642734352732,0.00619474658742547,
,0.019598052525,0.355175397940911,0.0122248968109488,
,0.0196492558,0.359708061529091,0.0137324343668297,
,0.019700459075,0.36424072511727,0.0152399719227105,
,0.01975166235,0.368773388705449,0.0257927348138765,
,0.019802865625,0.37289399196743,0.0242851972579956,
,0.0198540689,0.377014595229412,0.0333304225932807,
,0.019905272175,0.381135198491393,0.0348379601491615,
,0.01995647545,0.385255801753374,0.0438831854844466,
,0.020007678725,0.388964344689157,0.0514208732638508,
,0.020058882,0.39267288762494,0.0604660985991359,
,0.020110085275,0.395969370234525,0.0740339366020635,
,0.02016128855,0.39926585284411,0.0830791619373485,
,0.020212491825,0.402562335453695,0.098154537496157,
,0.0202636951,0.40585881806328,0.114737450610846,
,0.020314898375,0.408743240346666,0.131320363725536,
,0.02036610165,0.411627662630053,0.155440964619629,
,0.020417304925,0.414100024587242,0.178054027957842,
,0.0204685082,0.416572386544431,0.203682166407816,
,0.020519711475,0.418632688175421,0.235340455081314,
,0.02057091475,0.420692989806412,0.273028893978335,
,0.020622118025,0.422341231111204,0.319762558210641,
,0.0206733213,0.423989472415997,0.37101883511059,
,0.020724524575,0.425637713720789,0.429812799789943,
,0.02077572785,0.427285955025582,0.509712290251628,
,0.020826931125,0.428522136004176,0.598657006048597,
,0.0208781344,0.42975831698277,0.699662022292614,
,0.020929337675,0.430994497961365,0.823280101874843,
,0.02098054095,0.431818618613761,0.951420794124715,
,0.021031744225,0.432642739266157,1.08559163659811,
,0.0210829475,0.433054799592355,1.2122247912921,
,0.021134150775,0.433054799592355,1.33735040843021,
,0.02118535405,0.433054799592355,1.45041572512127,
,0.021236557325,0.433466859918553,1.54539059114177,
,0.0212877606,0.433054799592355,1.62378254404757,
,0.021338963875,0.432642739266157,1.669008670724,
,0.02139016715,0.432230678939959,1.68709912139457,
,0.021441370425,0.431406558287563,1.6765463585034,
,0.0214925737,0.430582437635167,1.64036545716226,
,0.021543776975,0.42975831698277,1.58609410515055,
,0.02159498025,0.428110075677978,1.52277752780356,
,0.021646183525,0.426873894699384,1.44589311245363,
,0.0216973868,0.425225653394591,1.37051623465959,
,0.021748590075,0.4231653517636,1.29212428175379,
,0.02179979335,0.421517110458808,1.20317956595682,
,0.021850996625,0.419456808827817,1.11875746282749,
,0.0219021999,0.417396507196827,1.02227505925111,
,0.021953403175,0.415336205565836,0.921270043007098,
,0.02200460645,0.413275903934846,0.821772564318962,
,0.022055809725,0.411215602303855,0.713229860295542,
,0.022107013,0.408743240346666,0.60317961871624,
,0.022158216275,0.406682938715676,0.490114302025177,
,0.02220941955,0.404210576758487,0.378556522889994,
,0.022260622825,0.402150275127497,0.266998743754812,
,0.0223118261,0.400089973496506,0.164486189954914,
,0.022363029375,0.398029671865515,0.0649887112667784,
,0.02241423265,0.395557309908327,-0.0330012298654765,
,0.022465435925,0.393084947951138,-0.123453483218327,
,0.0225166392,0.391024646320147,-0.209383123903535,
,0.022567842475,0.388552284362959,-0.28928261436522,
,0.02261904575,0.386491982731968,-0.354106729268096,
,0.022670249025,0.384019620774779,-0.41440823150333,
,0.0227214523,0.381547258817591,-0.470187121070921,
,0.022772655575,0.379074896860402,-0.513905710191466,
,0.02282385885,0.376602534903213,-0.55611676175613,
,0.022875062125,0.374542233272223,-0.59229766309727,
,0.0229262654,0.372481931641232,-0.620940876659006,
,0.022977468675,0.370009569684044,-0.643553939997219,
,0.02302867195,0.367537207726855,-0.66315192822367,
,0.023079875225,0.365476906095864,-0.673704691114835,
,0.0231310785,0.363004544138676,-0.685764991561882,
,0.023182281775,0.360532182181487,-0.691795141785406,
,0.02323348505,0.358471880550496,-0.694810216897167,
,0.023284688325,0.355999518593308,-0.697825292008929,
,0.0233358916,0.353527156636119,-0.696317754453048,
,0.023387094875,0.35105479467893,-0.694810216897167,
,0.02343829815,0.348582432721742,-0.685764991561882,
,0.023489501425,0.346110070764553,-0.682749916450121,
,0.0235407047,0.343637708807364,-0.676719766226597,
,0.023591907975,0.341165346850175,-0.672197153558955,
,0.02364311125,0.338280924566789,-0.666167003335431,
,0.023694314525,0.335396502283402,-0.661644390667789,
,0.0237455178,0.332512080000015,-0.655614240444265,
,0.023796721075,0.32921559739043,-0.648076552664861,
,0.02384792435,0.325919114780845,-0.642046402441338,
,0.023899127625,0.322210571845062,-0.639031327329576,
,0.0239503309,0.318502028909279,-0.631493639550172,
,0.024001534175,0.314793485973496,-0.62847856443841,
,0.02405273745,0.310672882711515,-0.616418263991363,
,0.024103940725,0.306140219123336,-0.607373038656078,
,0.024155144,0.301195495208958,-0.596820275764912,
,0.024206347275,0.296250771294581,-0.583252437761985,
,0.02425755055,0.290893987054005,-0.571192137314938,
,0.024308753825,0.28553720281343,-0.550086611532606,
,0.0243599571,0.279768358246656,-0.530488623306155,
,0.024411160375,0.274411574006081,-0.507875559967943,
,0.02446236365,0.268642729439307,-0.497322797076777,
,0.024513566925,0.262461824546335,-0.474709733738564,
,0.0245647702,0.256692979979562,-0.459634358179756,
,0.024615973475,0.250924135412788,-0.440036369953305,
,0.02466717675,0.244331170193618,-0.426468531950377,
,0.024718380025,0.238150265300646,-0.409885618835688,
,0.0247695833,0.231557300081477,-0.394810243276879,
,0.024820786575,0.224964334862307,-0.379734867718071,
,0.02487198985,0.218371369643137,-0.364659492159262,
,0.024923193125,0.211366344097769,-0.352599191712216,
